{
  "type": "FeatureCollection",
  "generator": "overpass-turbo",
  "copyright": "The data included in this document is from www.openstreetmap.org. The data is made available under ODbL.",
  "timestamp": "2025-10-27T13:19:30Z",
  "features": [
    {
      "type": "Feature",
      "properties": {
        "@id": "relation/2606785",
        "admin_level": "9",
        "boundary": "administrative",
        "is_in:city": "Gdynia",
        "is_in:province": "województwo pomorskie",
        "name": "Babie Doły",
        "type": "boundary",
        "wikidata": "Q9163736",
        "wikipedia": "pl:Babie Doły"
      },
      "geometry": {
        "type": "Polygon",
        "coordinates": [
          [
            [
              18.5329141,
              54.5605015
            ],
            [
              18.5329919,
              54.5604179
            ],
            [
              18.5332669,
              54.5604605
            ],
            [
              18.5332835,
              54.5604946
            ],
            [
              18.5335056,
              54.5604629
            ],
            [
              18.5410432,
              54.5593875
            ],
            [
              18.5422666,
              54.559213
            ],
            [
              18.5423723,
              54.5589892
            ],
            [
              18.5456867,
              54.5592448
            ],
            [
              18.5457593,
              54.5590833
            ],
            [
              18.5482002,
              54.5591496
            ],
            [
              18.5481233,
              54.5601375
            ],
            [
              18.5494845,
              54.5601761
            ],
            [
              18.5495553,
              54.5602544
            ],
            [
              18.5496457,
              54.5604625
            ],
            [
              18.5496577,
              54.5605252
            ],
            [
              18.5496556,
              54.5605705
            ],
            [
              18.5495349,
              54.560637
            ],
            [
              18.5495283,
              54.5607698
            ],
            [
              18.5518774,
              54.5608521
            ],
            [
              18.5516415,
              54.561347
            ],
            [
              18.5510005,
              54.5631773
            ],
            [
              18.5509007,
              54.5636169
            ],
            [
              18.5508251,
              54.5642978
            ],
            [
              18.5506485,
              54.5649424
            ],
            [
              18.5505083,
              54.5654481
            ],
            [
              18.5505075,
              54.5655218
            ],
            [
              18.5504093,
              54.5660948
            ],
            [
              18.5503949,
              54.5664004
            ],
            [
              18.5503237,
              54.5669635
            ],
            [
              18.5501024,
              54.5683571
            ],
            [
              18.5499837,
              54.5690655
            ],
            [
              18.5498832,
              54.5695667
            ],
            [
              18.5499118,
              54.5696966
            ],
            [
              18.54986,
              54.5699431
            ],
            [
              18.5498697,
              54.5700748
            ],
            [
              18.5498195,
              54.5701703
            ],
            [
              18.5498167,
              54.5704216
            ],
            [
              18.5497327,
              54.5705732
            ],
            [
              18.5496335,
              54.5712291
            ],
            [
              18.5494148,
              54.5719564
            ],
            [
              18.549414,
              54.5721782
            ],
            [
              18.5493681,
              54.5724579
            ],
            [
              18.549275,
              54.5727143
            ],
            [
              18.5488793,
              54.5735376
            ],
            [
              18.548568,
              54.5741835
            ],
            [
              18.5484415,
              54.5744472
            ],
            [
              18.547776,
              54.5750209
            ],
            [
              18.5477517,
              54.5750715
            ],
            [
              18.5475822,
              54.5752089
            ],
            [
              18.5471595,
              54.5757458
            ],
            [
              18.546974,
              54.5759413
            ],
            [
              18.5468733,
              54.5760884
            ],
            [
              18.5466769,
              54.5763099
            ],
            [
              18.5464694,
              54.5768049
            ],
            [
              18.5464171,
              54.5769867
            ],
            [
              18.5464505,
              54.5773143
            ],
            [
              18.5458004,
              54.5787197
            ],
            [
              18.5446118,
              54.5801558
            ],
            [
              18.5440483,
              54.5807231
            ],
            [
              18.5434243,
              54.5813283
            ],
            [
              18.5427755,
              54.5821721
            ],
            [
              18.5426683,
              54.5825548
            ],
            [
              18.5426297,
              54.5826657
            ],
            [
              18.5423238,
              54.583483
            ],
            [
              18.5421233,
              54.5838172
            ],
            [
              18.5422234,
              54.5842511
            ],
            [
              18.5421472,
              54.5845461
            ],
            [
              18.5394987,
              54.5840252
            ],
            [
              18.5386049,
              54.5836237
            ],
            [
              18.5387163,
              54.5835297
            ],
            [
              18.5383974,
              54.5834003
            ],
            [
              18.5382848,
              54.5834263
            ],
            [
              18.5375741,
              54.5832779
            ],
            [
              18.5365895,
              54.5828654
            ],
            [
              18.5364661,
              54.5829887
            ],
            [
              18.5362188,
              54.5828646
            ],
            [
              18.5362894,
              54.5827794
            ],
            [
              18.5352533,
              54.5825612
            ],
            [
              18.5350294,
              54.5824851
            ],
            [
              18.5348571,
              54.5824248
            ],
            [
              18.5334369,
              54.5817666
            ],
            [
              18.5340901,
              54.5811804
            ],
            [
              18.5347383,
              54.5806972
            ],
            [
              18.5352804,
              54.5803512
            ],
            [
              18.5356454,
              54.5799147
            ],
            [
              18.5349409,
              54.5797326
            ],
            [
              18.5348816,
              54.579679
            ],
            [
              18.534857,
              54.5796294
            ],
            [
              18.5348721,
              54.5795699
            ],
            [
              18.5349622,
              54.5794836
            ],
            [
              18.5350298,
              54.5794963
            ],
            [
              18.5351258,
              54.5794803
            ],
            [
              18.5351706,
              54.5794513
            ],
            [
              18.5366657,
              54.5776849
            ],
            [
              18.5375672,
              54.5768754
            ],
            [
              18.537154,
              54.5762767
            ],
            [
              18.5369922,
              54.5751831
            ],
            [
              18.5369501,
              54.5751402
            ],
            [
              18.5363637,
              54.5728249
            ],
            [
              18.5359201,
              54.5710995
            ],
            [
              18.5352976,
              54.5681812
            ],
            [
              18.5350392,
              54.5673047
            ],
            [
              18.534277,
              54.5641156
            ],
            [
              18.5340952,
              54.5633334
            ],
            [
              18.5339021,
              54.5626911
            ],
            [
              18.5329141,
              54.5605015
            ]
          ]
        ]
      },
      "id": "relation/2606785"
    },
    {
      "type": "Feature",
      "properties": {
        "@id": "relation/2606786",
        "admin_level": "9",
        "boundary": "administrative",
        "is_in:city": "Gdynia",
        "is_in:province": "województwo pomorskie",
        "name": "Chwarzno-Wiczlino",
        "type": "boundary"
      },
      "geometry": {
        "type": "Polygon",
        "coordinates": [
          [
            [
              18.4683617,
              54.4870959
            ],
            [
              18.4677348,
              54.4876531
            ],
            [
              18.4675118,
              54.4877826
            ],
            [
              18.467103,
              54.4881029
            ],
            [
              18.4669511,
              54.4881355
            ],
            [
              18.4667477,
              54.4882647
            ],
            [
              18.4667349,
              54.4883654
            ],
            [
              18.4667508,
              54.4888575
            ],
            [
              18.4666592,
              54.4888591
            ],
            [
              18.4665309,
              54.4884716
            ],
            [
              18.4663636,
              54.4885695
            ],
            [
              18.4655858,
              54.4891328
            ],
            [
              18.4654989,
              54.4892167
            ],
            [
              18.4653159,
              54.4894292
            ],
            [
              18.4651158,
              54.489687
            ],
            [
              18.4649888,
              54.4897785
            ],
            [
              18.4649008,
              54.4898432
            ],
            [
              18.4649158,
              54.4898976
            ],
            [
              18.4648176,
              54.4900088
            ],
            [
              18.4647238,
              54.4906021
            ],
            [
              18.4649389,
              54.4905611
            ],
            [
              18.4649818,
              54.4907041
            ],
            [
              18.4653553,
              54.490694
            ],
            [
              18.4654854,
              54.4909217
            ],
            [
              18.4658383,
              54.4908589
            ],
            [
              18.4661749,
              54.4909345
            ],
            [
              18.4664656,
              54.4911018
            ],
            [
              18.4666813,
              54.4910194
            ],
            [
              18.4667495,
              54.4910249
            ],
            [
              18.4668809,
              54.4911439
            ],
            [
              18.4670674,
              54.4910722
            ],
            [
              18.4671194,
              54.4910705
            ],
            [
              18.4671236,
              54.4911151
            ],
            [
              18.4670625,
              54.4911321
            ],
            [
              18.4671343,
              54.4911961
            ],
            [
              18.4673639,
              54.4911853
            ],
            [
              18.4674409,
              54.4911113
            ],
            [
              18.4676418,
              54.4910887
            ],
            [
              18.4678431,
              54.4910841
            ],
            [
              18.468076,
              54.4909686
            ],
            [
              18.4682059,
              54.4909523
            ],
            [
              18.4683589,
              54.4910493
            ],
            [
              18.4685719,
              54.4911315
            ],
            [
              18.4687313,
              54.4911671
            ],
            [
              18.4689948,
              54.4913189
            ],
            [
              18.4691487,
              54.4913479
            ],
            [
              18.4692051,
              54.4913152
            ],
            [
              18.4692576,
              54.4913552
            ],
            [
              18.4694017,
              54.4913685
            ],
            [
              18.469507,
              54.491478
            ],
            [
              18.4696058,
              54.4914882
            ],
            [
              18.4697192,
              54.4914099
            ],
            [
              18.469828,
              54.4914263
            ],
            [
              18.4698861,
              54.4915105
            ],
            [
              18.4703204,
              54.4916009
            ],
            [
              18.4705103,
              54.491525
            ],
            [
              18.4706264,
              54.4915366
            ],
            [
              18.4707713,
              54.4914819
            ],
            [
              18.4709937,
              54.4915268
            ],
            [
              18.4711149,
              54.4915351
            ],
            [
              18.4716652,
              54.4916918
            ],
            [
              18.4717616,
              54.4916684
            ],
            [
              18.4718397,
              54.4916762
            ],
            [
              18.471937,
              54.4917235
            ],
            [
              18.472194,
              54.4917325
            ],
            [
              18.4722236,
              54.4917765
            ],
            [
              18.472576,
              54.4918851
            ],
            [
              18.4725725,
              54.4919385
            ],
            [
              18.4726397,
              54.4919706
            ],
            [
              18.4729657,
              54.4919603
            ],
            [
              18.4731021,
              54.492006
            ],
            [
              18.4732246,
              54.4920005
            ],
            [
              18.4734209,
              54.4920326
            ],
            [
              18.4736579,
              54.4918772
            ],
            [
              18.4742641,
              54.492512
            ],
            [
              18.4744394,
              54.492709
            ],
            [
              18.4745291,
              54.4930401
            ],
            [
              18.4750318,
              54.4933479
            ],
            [
              18.4771474,
              54.4948297
            ],
            [
              18.4779579,
              54.4955323
            ],
            [
              18.4780479,
              54.4959991
            ],
            [
              18.47796,
              54.496889
            ],
            [
              18.4777997,
              54.4972282
            ],
            [
              18.4775548,
              54.4977713
            ],
            [
              18.4769765,
              54.4982988
            ],
            [
              18.4766605,
              54.4988347
            ],
            [
              18.4763561,
              54.4997572
            ],
            [
              18.4765882,
              54.4997397
            ],
            [
              18.4766478,
              54.4997889
            ],
            [
              18.4729688,
              54.5000772
            ],
            [
              18.4729662,
              54.5002773
            ],
            [
              18.4729667,
              54.5002935
            ],
            [
              18.4729734,
              54.5005151
            ],
            [
              18.4729747,
              54.5006895
            ],
            [
              18.4729719,
              54.5012294
            ],
            [
              18.4729731,
              54.5015013
            ],
            [
              18.4729738,
              54.5016739
            ],
            [
              18.4729743,
              54.5018643
            ],
            [
              18.472975,
              54.5018938
            ],
            [
              18.4729773,
              54.5019389
            ],
            [
              18.4729899,
              54.5021205
            ],
            [
              18.4729515,
              54.5028132
            ],
            [
              18.4729538,
              54.502861
            ],
            [
              18.4759218,
              54.5030513
            ],
            [
              18.4757695,
              54.5034573
            ],
            [
              18.4757331,
              54.5035701
            ],
            [
              18.4755667,
              54.5040712
            ],
            [
              18.4756726,
              54.5047959
            ],
            [
              18.4756744,
              54.5049966
            ],
            [
              18.4765954,
              54.5061173
            ],
            [
              18.4763667,
              54.5064511
            ],
            [
              18.4756651,
              54.5072494
            ],
            [
              18.4763261,
              54.5087426
            ],
            [
              18.4765803,
              54.5090355
            ],
            [
              18.4685485,
              54.5085828
            ],
            [
              18.4620431,
              54.5082189
            ],
            [
              18.4605978,
              54.5080813
            ],
            [
              18.4602615,
              54.5080785
            ],
            [
              18.4601592,
              54.5080795
            ],
            [
              18.4595976,
              54.5080795
            ],
            [
              18.4593669,
              54.5080796
            ],
            [
              18.4586553,
              54.5080775
            ],
            [
              18.4584841,
              54.5080516
            ],
            [
              18.4584401,
              54.5079559
            ],
            [
              18.4521645,
              54.5104829
            ],
            [
              18.446988,
              54.5125596
            ],
            [
              18.446918,
              54.5125973
            ],
            [
              18.4452045,
              54.5132761
            ],
            [
              18.4388824,
              54.5157951
            ],
            [
              18.4378744,
              54.5149306
            ],
            [
              18.4364714,
              54.5142221
            ],
            [
              18.4358222,
              54.5138896
            ],
            [
              18.4355596,
              54.5136966
            ],
            [
              18.435373,
              54.513561
            ],
            [
              18.4352671,
              54.5134552
            ],
            [
              18.4337725,
              54.5132859
            ],
            [
              18.4327738,
              54.5131115
            ],
            [
              18.4321566,
              54.5130566
            ],
            [
              18.4281578,
              54.5129504
            ],
            [
              18.4277085,
              54.5129014
            ],
            [
              18.4265312,
              54.5127014
            ],
            [
              18.4262787,
              54.512582
            ],
            [
              18.4260792,
              54.5123192
            ],
            [
              18.4254399,
              54.5122258
            ],
            [
              18.4249791,
              54.5120583
            ],
            [
              18.4245299,
              54.5120008
            ],
            [
              18.4239583,
              54.5121084
            ],
            [
              18.4232691,
              54.5123167
            ],
            [
              18.4225807,
              54.5123692
            ],
            [
              18.4221083,
              54.5126444
            ],
            [
              18.4218625,
              54.5129467
            ],
            [
              18.4216326,
              54.5131593
            ],
            [
              18.4209586,
              54.513368
            ],
            [
              18.4207464,
              54.5137202
            ],
            [
              18.4203083,
              54.5141149
            ],
            [
              18.419571,
              54.5146924
            ],
            [
              18.4192241,
              54.5150609
            ],
            [
              18.4190302,
              54.5153612
            ],
            [
              18.4189934,
              54.515531
            ],
            [
              18.4181574,
              54.51552
            ],
            [
              18.4176632,
              54.5155687
            ],
            [
              18.4169092,
              54.5156708
            ],
            [
              18.4163251,
              54.5155806
            ],
            [
              18.4161159,
              54.5155889
            ],
            [
              18.4157451,
              54.5156024
            ],
            [
              18.4153984,
              54.5155987
            ],
            [
              18.41508,
              54.5156261
            ],
            [
              18.4150825,
              54.5153732
            ],
            [
              18.4145608,
              54.5152
            ],
            [
              18.412687,
              54.5151903
            ],
            [
              18.412073,
              54.5158013
            ],
            [
              18.4127646,
              54.5166544
            ],
            [
              18.4133995,
              54.5175931
            ],
            [
              18.4133801,
              54.5179172
            ],
            [
              18.4135063,
              54.518174
            ],
            [
              18.4133582,
              54.5186375
            ],
            [
              18.4133942,
              54.5187915
            ],
            [
              18.4133733,
              54.5189884
            ],
            [
              18.4133661,
              54.5190559
            ],
            [
              18.4135219,
              54.5192813
            ],
            [
              18.4129158,
              54.5193582
            ],
            [
              18.4129083,
              54.5194477
            ],
            [
              18.4144541,
              54.519833
            ],
            [
              18.4157779,
              54.5202666
            ],
            [
              18.4162977,
              54.5204365
            ],
            [
              18.4173796,
              54.5208524
            ],
            [
              18.4177658,
              54.5210663
            ],
            [
              18.4179329,
              54.5212232
            ],
            [
              18.4182444,
              54.5216121
            ],
            [
              18.4184123,
              54.5217829
            ],
            [
              18.4187645,
              54.5219906
            ],
            [
              18.4191317,
              54.522163
            ],
            [
              18.4194097,
              54.5222934
            ],
            [
              18.4194813,
              54.5223412
            ],
            [
              18.4200114,
              54.5226735
            ],
            [
              18.4184613,
              54.5233832
            ],
            [
              18.418314,
              54.523321
            ],
            [
              18.4180045,
              54.52276
            ],
            [
              18.4174237,
              54.522142
            ],
            [
              18.417207,
              54.5216367
            ],
            [
              18.4164107,
              54.5215605
            ],
            [
              18.4150887,
              54.5206169
            ],
            [
              18.4135085,
              54.5217376
            ],
            [
              18.4169911,
              54.5242765
            ],
            [
              18.4050324,
              54.5294317
            ],
            [
              18.4044089,
              54.5290696
            ],
            [
              18.4036774,
              54.5290151
            ],
            [
              18.4034889,
              54.5291468
            ],
            [
              18.4025717,
              54.5291891
            ],
            [
              18.4018203,
              54.5282972
            ],
            [
              18.4013829,
              54.5279682
            ],
            [
              18.4007978,
              54.527664
            ],
            [
              18.39881,
              54.5273755
            ],
            [
              18.3983831,
              54.5272783
            ],
            [
              18.3938514,
              54.5258008
            ],
            [
              18.3907169,
              54.5241522
            ],
            [
              18.3901146,
              54.5239218
            ],
            [
              18.3895894,
              54.5237657
            ],
            [
              18.3883296,
              54.523515
            ],
            [
              18.3868469,
              54.5231457
            ],
            [
              18.3845623,
              54.5221812
            ],
            [
              18.3839483,
              54.5216496
            ],
            [
              18.3830825,
              54.5207568
            ],
            [
              18.3830143,
              54.5192372
            ],
            [
              18.3819217,
              54.5176272
            ],
            [
              18.3809839,
              54.5167699
            ],
            [
              18.3800941,
              54.515966
            ],
            [
              18.3792813,
              54.5141717
            ],
            [
              18.3788817,
              54.5139007
            ],
            [
              18.3802339,
              54.5136197
            ],
            [
              18.379689,
              54.5128364
            ],
            [
              18.380333,
              54.5126617
            ],
            [
              18.3807626,
              54.5126714
            ],
            [
              18.3815036,
              54.5127548
            ],
            [
              18.3832711,
              54.5125649
            ],
            [
              18.3839747,
              54.5121044
            ],
            [
              18.3839375,
              54.5120695
            ],
            [
              18.3837532,
              54.5118968
            ],
            [
              18.384489,
              54.5114667
            ],
            [
              18.3849022,
              54.5103948
            ],
            [
              18.3838604,
              54.5097511
            ],
            [
              18.3829254,
              54.5091477
            ],
            [
              18.3824489,
              54.5090108
            ],
            [
              18.381107,
              54.5081951
            ],
            [
              18.3802051,
              54.5069
            ],
            [
              18.3786845,
              54.5067278
            ],
            [
              18.3748505,
              54.5062629
            ],
            [
              18.3714012,
              54.5057601
            ],
            [
              18.3705462,
              54.5056894
            ],
            [
              18.3702961,
              54.5056483
            ],
            [
              18.3700767,
              54.5055259
            ],
            [
              18.3696739,
              54.5050502
            ],
            [
              18.3694986,
              54.5048049
            ],
            [
              18.3682049,
              54.5040537
            ],
            [
              18.3672971,
              54.5036114
            ],
            [
              18.3669491,
              54.5033785
            ],
            [
              18.3667179,
              54.5031746
            ],
            [
              18.3665243,
              54.5029812
            ],
            [
              18.3657724,
              54.50223
            ],
            [
              18.3655314,
              54.5020242
            ],
            [
              18.3644478,
              54.501168
            ],
            [
              18.364233,
              54.5009585
            ],
            [
              18.3641026,
              54.5007646
            ],
            [
              18.3637052,
              54.4997339
            ],
            [
              18.3632383,
              54.4988903
            ],
            [
              18.3629066,
              54.4987674
            ],
            [
              18.362595,
              54.4987136
            ],
            [
              18.3622503,
              54.4987999
            ],
            [
              18.3619452,
              54.49875
            ],
            [
              18.3613513,
              54.4985159
            ],
            [
              18.3611242,
              54.4980694
            ],
            [
              18.3610843,
              54.4979008
            ],
            [
              18.3614282,
              54.4975483
            ],
            [
              18.3614007,
              54.4972262
            ],
            [
              18.3606262,
              54.4968053
            ],
            [
              18.3604979,
              54.4966872
            ],
            [
              18.3602608,
              54.4962389
            ],
            [
              18.3598724,
              54.4958921
            ],
            [
              18.3597072,
              54.4956374
            ],
            [
              18.3594206,
              54.4946087
            ],
            [
              18.3589023,
              54.4939354
            ],
            [
              18.3581978,
              54.4935149
            ],
            [
              18.358159,
              54.4934916
            ],
            [
              18.3581323,
              54.4934547
            ],
            [
              18.3579808,
              54.4932421
            ],
            [
              18.3580094,
              54.4932045
            ],
            [
              18.358034,
              54.4931854
            ],
            [
              18.3583499,
              54.4929394
            ],
            [
              18.3587638,
              54.4926133
            ],
            [
              18.3588429,
              54.4925536
            ],
            [
              18.3599955,
              54.4916832
            ],
            [
              18.3601335,
              54.4915783
            ],
            [
              18.360709,
              54.4911403
            ],
            [
              18.360939,
              54.4909656
            ],
            [
              18.3612711,
              54.4908645
            ],
            [
              18.3616131,
              54.4907604
            ],
            [
              18.3622322,
              54.4905722
            ],
            [
              18.3624056,
              54.4905193
            ],
            [
              18.3628749,
              54.4903767
            ],
            [
              18.3630751,
              54.4903412
            ],
            [
              18.3640199,
              54.4901728
            ],
            [
              18.3666425,
              54.4897043
            ],
            [
              18.3666864,
              54.4897109
            ],
            [
              18.3667342,
              54.4897181
            ],
            [
              18.3682681,
              54.4899505
            ],
            [
              18.3696697,
              54.4901638
            ],
            [
              18.3710749,
              54.4903744
            ],
            [
              18.3723455,
              54.4905725
            ],
            [
              18.3724751,
              54.4905927
            ],
            [
              18.3734815,
              54.4907484
            ],
            [
              18.375,
              54.4909833
            ],
            [
              18.3764184,
              54.4911975
            ],
            [
              18.3766225,
              54.4918827
            ],
            [
              18.3768656,
              54.4926689
            ],
            [
              18.3769087,
              54.4928124
            ],
            [
              18.3771006,
              54.4934527
            ],
            [
              18.377345,
              54.494234
            ],
            [
              18.3791402,
              54.494154
            ],
            [
              18.3792326,
              54.4941499
            ],
            [
              18.380156,
              54.4941088
            ],
            [
              18.3814944,
              54.4940367
            ],
            [
              18.3818888,
              54.4940174
            ],
            [
              18.38283,
              54.4939713
            ],
            [
              18.3841731,
              54.493901
            ],
            [
              18.385515,
              54.4938308
            ],
            [
              18.3867746,
              54.4937485
            ],
            [
              18.3869394,
              54.4936431
            ],
            [
              18.3875574,
              54.4932476
            ],
            [
              18.3881534,
              54.492858
            ],
            [
              18.388413,
              54.492687
            ],
            [
              18.3891671,
              54.4922011
            ],
            [
              18.3901437,
              54.493003
            ],
            [
              18.3901777,
              54.4930311
            ],
            [
              18.3902435,
              54.4930852
            ],
            [
              18.3909129,
              54.4936349
            ],
            [
              18.3918534,
              54.494418
            ],
            [
              18.3919838,
              54.4934972
            ],
            [
              18.392536,
              54.4919847
            ],
            [
              18.3926335,
              54.491683
            ],
            [
              18.3926579,
              54.4916072
            ],
            [
              18.3928074,
              54.491268
            ],
            [
              18.393031,
              54.4907595
            ],
            [
              18.3930665,
              54.4906721
            ],
            [
              18.3934944,
              54.4897022
            ],
            [
              18.3936088,
              54.4894406
            ],
            [
              18.3938104,
              54.4889868
            ],
            [
              18.3940893,
              54.4886346
            ],
            [
              18.3943999,
              54.4883452
            ],
            [
              18.394654,
              54.4881086
            ],
            [
              18.3949245,
              54.4878566
            ],
            [
              18.3949825,
              54.4878008
            ],
            [
              18.3954872,
              54.4873202
            ],
            [
              18.3961307,
              54.4866569
            ],
            [
              18.3968087,
              54.4859203
            ],
            [
              18.3970231,
              54.4856759
            ],
            [
              18.397341,
              54.4853137
            ],
            [
              18.3982652,
              54.4846504
            ],
            [
              18.3985828,
              54.4844094
            ],
            [
              18.3993977,
              54.483777
            ],
            [
              18.3997324,
              54.4835319
            ],
            [
              18.4002777,
              54.4830905
            ],
            [
              18.4003894,
              54.4830021
            ],
            [
              18.4004268,
              54.4829786
            ],
            [
              18.4004557,
              54.4829578
            ],
            [
              18.4009997,
              54.4825686
            ],
            [
              18.4012793,
              54.4823691
            ],
            [
              18.4016218,
              54.4821134
            ],
            [
              18.4020098,
              54.4818245
            ],
            [
              18.4020782,
              54.4817763
            ],
            [
              18.4025002,
              54.4814778
            ],
            [
              18.4025851,
              54.4814178
            ],
            [
              18.4027803,
              54.4812791
            ],
            [
              18.403716,
              54.4805815
            ],
            [
              18.4044166,
              54.4800675
            ],
            [
              18.4048857,
              54.4797108
            ],
            [
              18.4049806,
              54.4796387
            ],
            [
              18.4053631,
              54.4793748
            ],
            [
              18.4058633,
              54.4789667
            ],
            [
              18.4060259,
              54.4787759
            ],
            [
              18.4067603,
              54.4779125
            ],
            [
              18.4068679,
              54.4777861
            ],
            [
              18.4070579,
              54.4774564
            ],
            [
              18.4070858,
              54.4774082
            ],
            [
              18.4074642,
              54.4767515
            ],
            [
              18.4077675,
              54.4762254
            ],
            [
              18.4077959,
              54.4761749
            ],
            [
              18.4091118,
              54.4766369
            ],
            [
              18.4092552,
              54.4766672
            ],
            [
              18.4107147,
              54.4771011
            ],
            [
              18.4111406,
              54.4773572
            ],
            [
              18.4126867,
              54.4780329
            ],
            [
              18.4133759,
              54.478298
            ],
            [
              18.4143972,
              54.4784793
            ],
            [
              18.4148464,
              54.4785957
            ],
            [
              18.4156258,
              54.4788641
            ],
            [
              18.4171495,
              54.4791716
            ],
            [
              18.4176319,
              54.4793059
            ],
            [
              18.418092,
              54.47941
            ],
            [
              18.418491,
              54.479595
            ],
            [
              18.4184974,
              54.4796364
            ],
            [
              18.4185251,
              54.479651
            ],
            [
              18.4186183,
              54.4795654
            ],
            [
              18.4186317,
              54.4795402
            ],
            [
              18.4186004,
              54.4794878
            ],
            [
              18.4187093,
              54.4794296
            ],
            [
              18.4187582,
              54.4793752
            ],
            [
              18.4187599,
              54.4792517
            ],
            [
              18.4187114,
              54.4791996
            ],
            [
              18.4186192,
              54.4791667
            ],
            [
              18.4187532,
              54.4791414
            ],
            [
              18.4187799,
              54.4790973
            ],
            [
              18.4187816,
              54.4790229
            ],
            [
              18.4188048,
              54.479023
            ],
            [
              18.4189927,
              54.4790447
            ],
            [
              18.4191021,
              54.4790331
            ],
            [
              18.419119,
              54.4789737
            ],
            [
              18.4191774,
              54.4789187
            ],
            [
              18.4192274,
              54.4789092
            ],
            [
              18.4195029,
              54.4789493
            ],
            [
              18.4195784,
              54.4789431
            ],
            [
              18.419741,
              54.4789919
            ],
            [
              18.4197767,
              54.4789921
            ],
            [
              18.4198315,
              54.4790197
            ],
            [
              18.4199993,
              54.4789956
            ],
            [
              18.4202678,
              54.4791673
            ],
            [
              18.4203796,
              54.4791931
            ],
            [
              18.4205013,
              54.4791958
            ],
            [
              18.4206577,
              54.4791827
            ],
            [
              18.4208098,
              54.4791734
            ],
            [
              18.4208968,
              54.4791984
            ],
            [
              18.4210264,
              54.4791859
            ],
            [
              18.4210547,
              54.4791991
            ],
            [
              18.4211017,
              54.4793218
            ],
            [
              18.421231,
              54.4793736
            ],
            [
              18.4212889,
              54.4794337
            ],
            [
              18.4212708,
              54.4794536
            ],
            [
              18.421418,
              54.4796283
            ],
            [
              18.4215971,
              54.479728
            ],
            [
              18.4217442,
              54.4797823
            ],
            [
              18.4219749,
              54.4798422
            ],
            [
              18.4222737,
              54.4798395
            ],
            [
              18.4224247,
              54.479825
            ],
            [
              18.4225464,
              54.4798716
            ],
            [
              18.4226476,
              54.4798962
            ],
            [
              18.422801,
              54.4798766
            ],
            [
              18.4229771,
              54.4799006
            ],
            [
              18.4231579,
              54.4798368
            ],
            [
              18.4234258,
              54.4798692
            ],
            [
              18.4236501,
              54.4798806
            ],
            [
              18.4239042,
              54.4798466
            ],
            [
              18.4240229,
              54.4798094
            ],
            [
              18.4241869,
              54.4797597
            ],
            [
              18.4242945,
              54.4797485
            ],
            [
              18.4244648,
              54.4797127
            ],
            [
              18.4245839,
              54.4796472
            ],
            [
              18.4247113,
              54.4795413
            ],
            [
              18.4247634,
              54.4794233
            ],
            [
              18.4249698,
              54.4793181
            ],
            [
              18.4249913,
              54.4792639
            ],
            [
              18.4252935,
              54.4791436
            ],
            [
              18.4254484,
              54.4789746
            ],
            [
              18.4255164,
              54.4788273
            ],
            [
              18.42548,
              54.4787579
            ],
            [
              18.425476,
              54.4787029
            ],
            [
              18.4255055,
              54.4786778
            ],
            [
              18.4255812,
              54.478654
            ],
            [
              18.4256669,
              54.4786388
            ],
            [
              18.4263823,
              54.4783964
            ],
            [
              18.426675,
              54.4783547
            ],
            [
              18.4267333,
              54.4783289
            ],
            [
              18.4268208,
              54.4783336
            ],
            [
              18.4268829,
              54.4783078
            ],
            [
              18.4269549,
              54.4783202
            ],
            [
              18.4271239,
              54.4782906
            ],
            [
              18.4272077,
              54.4782002
            ],
            [
              18.4272551,
              54.4781866
            ],
            [
              18.4273577,
              54.4781975
            ],
            [
              18.427457,
              54.4781643
            ],
            [
              18.4275134,
              54.4781882
            ],
            [
              18.4278271,
              54.4781715
            ],
            [
              18.4279067,
              54.4781099
            ],
            [
              18.4280002,
              54.4781319
            ],
            [
              18.4282077,
              54.4781156
            ],
            [
              18.4283797,
              54.4780426
            ],
            [
              18.4285857,
              54.4781055
            ],
            [
              18.4286974,
              54.4781696
            ],
            [
              18.4287631,
              54.4781602
            ],
            [
              18.4289269,
              54.4781263
            ],
            [
              18.4291473,
              54.4780301
            ],
            [
              18.4292583,
              54.4780116
            ],
            [
              18.429474,
              54.478004
            ],
            [
              18.4298633,
              54.4779561
            ],
            [
              18.4302319,
              54.4778816
            ],
            [
              18.4303551,
              54.4778386
            ],
            [
              18.4304518,
              54.477926
            ],
            [
              18.4305373,
              54.4779502
            ],
            [
              18.4306438,
              54.4780611
            ],
            [
              18.4307421,
              54.4780429
            ],
            [
              18.4308089,
              54.4780802
            ],
            [
              18.4309557,
              54.4780492
            ],
            [
              18.4309827,
              54.4780541
            ],
            [
              18.4310316,
              54.4781006
            ],
            [
              18.4314291,
              54.4781247
            ],
            [
              18.4315085,
              54.4780952
            ],
            [
              18.43152,
              54.4780166
            ],
            [
              18.4315928,
              54.4779893
            ],
            [
              18.4317369,
              54.4781315
            ],
            [
              18.4318327,
              54.4781156
            ],
            [
              18.4319354,
              54.4781382
            ],
            [
              18.4319723,
              54.4781965
            ],
            [
              18.4320652,
              54.4782007
            ],
            [
              18.4321589,
              54.4782338
            ],
            [
              18.4322772,
              54.4782188
            ],
            [
              18.4326011,
              54.4782457
            ],
            [
              18.4327486,
              54.4782082
            ],
            [
              18.4328354,
              54.4782816
            ],
            [
              18.4329279,
              54.4782902
            ],
            [
              18.4329434,
              54.4782463
            ],
            [
              18.4330489,
              54.4783255
            ],
            [
              18.4333024,
              54.4783261
            ],
            [
              18.4333986,
              54.4783926
            ],
            [
              18.4335332,
              54.4783806
            ],
            [
              18.4335315,
              54.4782921
            ],
            [
              18.4337846,
              54.4782368
            ],
            [
              18.4337724,
              54.4781537
            ],
            [
              18.4339673,
              54.4780475
            ],
            [
              18.4340519,
              54.4780618
            ],
            [
              18.4340935,
              54.4781204
            ],
            [
              18.4339518,
              54.478213
            ],
            [
              18.4341113,
              54.4783031
            ],
            [
              18.4342965,
              54.4784632
            ],
            [
              18.4344224,
              54.4784408
            ],
            [
              18.4345552,
              54.4784349
            ],
            [
              18.4348544,
              54.4784351
            ],
            [
              18.43498,
              54.4785218
            ],
            [
              18.4351375,
              54.4785322
            ],
            [
              18.4352101,
              54.4784806
            ],
            [
              18.4354816,
              54.4784914
            ],
            [
              18.4355185,
              54.4786532
            ],
            [
              18.4356835,
              54.478745
            ],
            [
              18.4358863,
              54.478744
            ],
            [
              18.4360059,
              54.4787745
            ],
            [
              18.4361977,
              54.4787952
            ],
            [
              18.4362968,
              54.4787765
            ],
            [
              18.4365193,
              54.4788756
            ],
            [
              18.4365377,
              54.478876
            ],
            [
              18.4365434,
              54.4787659
            ],
            [
              18.4365746,
              54.4787657
            ],
            [
              18.4366166,
              54.4787713
            ],
            [
              18.4366701,
              54.4788338
            ],
            [
              18.4369152,
              54.4788244
            ],
            [
              18.4369489,
              54.4788776
            ],
            [
              18.4369782,
              54.4788817
            ],
            [
              18.4371697,
              54.4788414
            ],
            [
              18.4371863,
              54.4787789
            ],
            [
              18.4374565,
              54.478687
            ],
            [
              18.4376572,
              54.4786459
            ],
            [
              18.4379442,
              54.4786568
            ],
            [
              18.4383063,
              54.478728
            ],
            [
              18.4384663,
              54.478732
            ],
            [
              18.4387079,
              54.4787817
            ],
            [
              18.4389409,
              54.4788284
            ],
            [
              18.4392457,
              54.4788756
            ],
            [
              18.4397791,
              54.4789549
            ],
            [
              18.4400202,
              54.4789952
            ],
            [
              18.4403733,
              54.4790526
            ],
            [
              18.4404595,
              54.4790472
            ],
            [
              18.4408325,
              54.4790184
            ],
            [
              18.441025,
              54.479007
            ],
            [
              18.4413328,
              54.478974
            ],
            [
              18.4415299,
              54.4789524
            ],
            [
              18.4417311,
              54.4789592
            ],
            [
              18.4419,
              54.4790112
            ],
            [
              18.4419911,
              54.4790588
            ],
            [
              18.4422059,
              54.479064
            ],
            [
              18.4422824,
              54.4791857
            ],
            [
              18.4425091,
              54.4792369
            ],
            [
              18.4426166,
              54.4793005
            ],
            [
              18.4427519,
              54.4792838
            ],
            [
              18.442727,
              54.4793909
            ],
            [
              18.4427417,
              54.4794005
            ],
            [
              18.4429589,
              54.4794336
            ],
            [
              18.4430891,
              54.4793537
            ],
            [
              18.4431922,
              54.4793939
            ],
            [
              18.4432932,
              54.4793933
            ],
            [
              18.4433273,
              54.4793688
            ],
            [
              18.4433659,
              54.47937
            ],
            [
              18.4434151,
              54.4793773
            ],
            [
              18.4434805,
              54.4793707
            ],
            [
              18.4435041,
              54.4793595
            ],
            [
              18.4435525,
              54.4792986
            ],
            [
              18.4435709,
              54.4792974
            ],
            [
              18.4436297,
              54.4793146
            ],
            [
              18.4436726,
              54.4793059
            ],
            [
              18.4436951,
              54.4792672
            ],
            [
              18.4437621,
              54.4792947
            ],
            [
              18.4438216,
              54.4792858
            ],
            [
              18.4439036,
              54.4793042
            ],
            [
              18.4440087,
              54.4793748
            ],
            [
              18.4440962,
              54.4793783
            ],
            [
              18.4441187,
              54.4793153
            ],
            [
              18.4441489,
              54.4793243
            ],
            [
              18.4442989,
              54.4792738
            ],
            [
              18.4443653,
              54.4792579
            ],
            [
              18.444391,
              54.4792677
            ],
            [
              18.4444904,
              54.4792565
            ],
            [
              18.4446365,
              54.4791664
            ],
            [
              18.4446448,
              54.4791428
            ],
            [
              18.4446644,
              54.479142
            ],
            [
              18.4447706,
              54.4790842
            ],
            [
              18.4447815,
              54.4790699
            ],
            [
              18.4450085,
              54.4790141
            ],
            [
              18.4450252,
              54.4789818
            ],
            [
              18.4450907,
              54.47895
            ],
            [
              18.4451175,
              54.4789212
            ],
            [
              18.4451207,
              54.478904
            ],
            [
              18.4451816,
              54.4788545
            ],
            [
              18.4451969,
              54.478825
            ],
            [
              18.445253,
              54.4788268
            ],
            [
              18.445399,
              54.4788088
            ],
            [
              18.4455264,
              54.478804
            ],
            [
              18.4455771,
              54.478769
            ],
            [
              18.4456332,
              54.478769
            ],
            [
              18.4456586,
              54.47878
            ],
            [
              18.4457711,
              54.4787797
            ],
            [
              18.4458728,
              54.4787712
            ],
            [
              18.4459101,
              54.4787573
            ],
            [
              18.4459292,
              54.4787678
            ],
            [
              18.4460414,
              54.4787462
            ],
            [
              18.4462083,
              54.4786598
            ],
            [
              18.446234,
              54.4786264
            ],
            [
              18.4462677,
              54.4786131
            ],
            [
              18.4462873,
              54.4786095
            ],
            [
              18.4463627,
              54.4786586
            ],
            [
              18.4463899,
              54.4786651
            ],
            [
              18.4465553,
              54.4786441
            ],
            [
              18.446567,
              54.4786334
            ],
            [
              18.446572,
              54.4786172
            ],
            [
              18.4465943,
              54.4786085
            ],
            [
              18.4466391,
              54.4786156
            ],
            [
              18.4466683,
              54.4786087
            ],
            [
              18.4466911,
              54.4785861
            ],
            [
              18.4467607,
              54.4785998
            ],
            [
              18.4468052,
              54.4785804
            ],
            [
              18.4468164,
              54.4785201
            ],
            [
              18.4468342,
              54.4785007
            ],
            [
              18.446865,
              54.4784446
            ],
            [
              18.4469505,
              54.478399
            ],
            [
              18.4469871,
              54.4783506
            ],
            [
              18.4469847,
              54.4783292
            ],
            [
              18.4470293,
              54.4783221
            ],
            [
              18.4470822,
              54.4782945
            ],
            [
              18.4470917,
              54.4782781
            ],
            [
              18.4470683,
              54.4782486
            ],
            [
              18.4470334,
              54.478239
            ],
            [
              18.4470277,
              54.4782211
            ],
            [
              18.446995,
              54.4781989
            ],
            [
              18.4470089,
              54.4781809
            ],
            [
              18.4470454,
              54.4781818
            ],
            [
              18.4470677,
              54.4781631
            ],
            [
              18.4470644,
              54.4781433
            ],
            [
              18.4470474,
              54.478127
            ],
            [
              18.446991,
              54.4781055
            ],
            [
              18.4470371,
              54.4780315
            ],
            [
              18.4470359,
              54.4780104
            ],
            [
              18.4470051,
              54.4780025
            ],
            [
              18.4469692,
              54.4780049
            ],
            [
              18.4469586,
              54.477994
            ],
            [
              18.4469638,
              54.4779845
            ],
            [
              18.4470235,
              54.4779796
            ],
            [
              18.4470422,
              54.4779712
            ],
            [
              18.4470579,
              54.4779474
            ],
            [
              18.4470906,
              54.4779319
            ],
            [
              18.4471006,
              54.4779104
            ],
            [
              18.4471184,
              54.4778985
            ],
            [
              18.4471255,
              54.4778796
            ],
            [
              18.4471368,
              54.4778478
            ],
            [
              18.4471581,
              54.4778299
            ],
            [
              18.4472302,
              54.4778114
            ],
            [
              18.4472736,
              54.4778086
            ],
            [
              18.4472892,
              54.4777884
            ],
            [
              18.4472855,
              54.4777661
            ],
            [
              18.4472499,
              54.4777457
            ],
            [
              18.4472308,
              54.477722
            ],
            [
              18.4473125,
              54.4777131
            ],
            [
              18.4473234,
              54.4777042
            ],
            [
              18.4473296,
              54.477668
            ],
            [
              18.4473425,
              54.4776462
            ],
            [
              18.447367,
              54.477645
            ],
            [
              18.447434,
              54.4776669
            ],
            [
              18.4474651,
              54.4776859
            ],
            [
              18.4475084,
              54.4776891
            ],
            [
              18.4475478,
              54.4776803
            ],
            [
              18.44763,
              54.4777156
            ],
            [
              18.4476945,
              54.4776687
            ],
            [
              18.4476711,
              54.4775849
            ],
            [
              18.4476793,
              54.477568
            ],
            [
              18.4476315,
              54.4775237
            ],
            [
              18.4476494,
              54.4775022
            ],
            [
              18.4477633,
              54.4775136
            ],
            [
              18.4478011,
              54.4774995
            ],
            [
              18.4477974,
              54.4774796
            ],
            [
              18.4477807,
              54.4774513
            ],
            [
              18.4478109,
              54.4774547
            ],
            [
              18.4478238,
              54.4774711
            ],
            [
              18.4478114,
              54.4775022
            ],
            [
              18.4478114,
              54.4775378
            ],
            [
              18.4479104,
              54.4775575
            ],
            [
              18.4480286,
              54.4775039
            ],
            [
              18.4480379,
              54.4774867
            ],
            [
              18.4480927,
              54.4774853
            ],
            [
              18.4481865,
              54.4774189
            ],
            [
              18.4481817,
              54.4773957
            ],
            [
              18.448103,
              54.4773548
            ],
            [
              18.4480649,
              54.477343
            ],
            [
              18.4480747,
              54.4772926
            ],
            [
              18.4480607,
              54.4772739
            ],
            [
              18.448139,
              54.4772637
            ],
            [
              18.4481577,
              54.4771897
            ],
            [
              18.4481025,
              54.4771762
            ],
            [
              18.4481621,
              54.4771585
            ],
            [
              18.4481619,
              54.4771263
            ],
            [
              18.4481068,
              54.4771134
            ],
            [
              18.4480048,
              54.4771067
            ],
            [
              18.4480274,
              54.4770859
            ],
            [
              18.4480263,
              54.477038
            ],
            [
              18.4480698,
              54.477023
            ],
            [
              18.4481105,
              54.4770524
            ],
            [
              18.4481669,
              54.4770573
            ],
            [
              18.4482069,
              54.4770488
            ],
            [
              18.4482009,
              54.4770236
            ],
            [
              18.4481536,
              54.4769802
            ],
            [
              18.4480871,
              54.4769679
            ],
            [
              18.4480912,
              54.4769583
            ],
            [
              18.4482051,
              54.4769266
            ],
            [
              18.4482708,
              54.4769193
            ],
            [
              18.4482996,
              54.4768988
            ],
            [
              18.4483023,
              54.476867
            ],
            [
              18.4483524,
              54.4768287
            ],
            [
              18.4483258,
              54.476812
            ],
            [
              18.4482726,
              54.476822
            ],
            [
              18.4482534,
              54.4768133
            ],
            [
              18.4483137,
              54.476777
            ],
            [
              18.4483355,
              54.4767297
            ],
            [
              18.4483056,
              54.4767046
            ],
            [
              18.4482653,
              54.4766932
            ],
            [
              18.4482577,
              54.4766639
            ],
            [
              18.4482789,
              54.4766527
            ],
            [
              18.4483286,
              54.4766443
            ],
            [
              18.4483529,
              54.4766202
            ],
            [
              18.4484285,
              54.4765916
            ],
            [
              18.4484714,
              54.4765859
            ],
            [
              18.4484888,
              54.476566
            ],
            [
              18.4484771,
              54.4765401
            ],
            [
              18.4485002,
              54.4765229
            ],
            [
              18.4484979,
              54.4764801
            ],
            [
              18.4484902,
              54.4764621
            ],
            [
              18.4484654,
              54.4764354
            ],
            [
              18.4484779,
              54.4763538
            ],
            [
              18.4484377,
              54.4762098
            ],
            [
              18.4484517,
              54.4761013
            ],
            [
              18.4484895,
              54.4760862
            ],
            [
              18.4485694,
              54.47608
            ],
            [
              18.4486045,
              54.4760592
            ],
            [
              18.4486365,
              54.4760115
            ],
            [
              18.4487122,
              54.4760208
            ],
            [
              18.4487368,
              54.476015
            ],
            [
              18.4487732,
              54.4760198
            ],
            [
              18.4488659,
              54.4759933
            ],
            [
              18.4488746,
              54.4759439
            ],
            [
              18.4488667,
              54.4758914
            ],
            [
              18.448786,
              54.4758273
            ],
            [
              18.4487925,
              54.4758167
            ],
            [
              18.44884,
              54.4758023
            ],
            [
              18.4488768,
              54.4757321
            ],
            [
              18.4490206,
              54.4756401
            ],
            [
              18.4490498,
              54.4756299
            ],
            [
              18.4491137,
              54.4756309
            ],
            [
              18.4491774,
              54.4756006
            ],
            [
              18.4491702,
              54.475584
            ],
            [
              18.4491778,
              54.4755697
            ],
            [
              18.4493152,
              54.4755242
            ],
            [
              18.4493598,
              54.4755181
            ],
            [
              18.4494291,
              54.4754935
            ],
            [
              18.4495061,
              54.4754912
            ],
            [
              18.4495572,
              54.4754659
            ],
            [
              18.4495809,
              54.4754378
            ],
            [
              18.4496153,
              54.475423
            ],
            [
              18.4497398,
              54.4754063
            ],
            [
              18.4497352,
              54.4753671
            ],
            [
              18.4497561,
              54.4753426
            ],
            [
              18.4498629,
              54.4752873
            ],
            [
              18.4499208,
              54.4752218
            ],
            [
              18.4500214,
              54.475202
            ],
            [
              18.4500622,
              54.4752185
            ],
            [
              18.4500972,
              54.4752409
            ],
            [
              18.4501827,
              54.475242
            ],
            [
              18.4502387,
              54.4752386
            ],
            [
              18.450328,
              54.4752091
            ],
            [
              18.4504211,
              54.4751962
            ],
            [
              18.4504692,
              54.4751789
            ],
            [
              18.4505388,
              54.4750945
            ],
            [
              18.4506325,
              54.47508
            ],
            [
              18.45067,
              54.4750875
            ],
            [
              18.4507558,
              54.4750686
            ],
            [
              18.4508587,
              54.4750863
            ],
            [
              18.4508927,
              54.4751014
            ],
            [
              18.4510034,
              54.4750531
            ],
            [
              18.4512798,
              54.4750653
            ],
            [
              18.4514716,
              54.4750005
            ],
            [
              18.4519157,
              54.4750035
            ],
            [
              18.4522543,
              54.4747517
            ],
            [
              18.4523687,
              54.4747216
            ],
            [
              18.4525889,
              54.474716
            ],
            [
              18.4527447,
              54.4748185
            ],
            [
              18.4529764,
              54.4746829
            ],
            [
              18.4531203,
              54.4748376
            ],
            [
              18.4536146,
              54.4749693
            ],
            [
              18.4542027,
              54.4752456
            ],
            [
              18.4548336,
              54.4753465
            ],
            [
              18.455062,
              54.4754432
            ],
            [
              18.4551187,
              54.4754718
            ],
            [
              18.4557721,
              54.4755545
            ],
            [
              18.4560134,
              54.4755453
            ],
            [
              18.4563361,
              54.4756334
            ],
            [
              18.456208,
              54.4757444
            ],
            [
              18.4557142,
              54.4757109
            ],
            [
              18.4553057,
              54.4756473
            ],
            [
              18.4549946,
              54.4754766
            ],
            [
              18.454026,
              54.4753668
            ],
            [
              18.4540262,
              54.4753769
            ],
            [
              18.4539774,
              54.4753769
            ],
            [
              18.4539698,
              54.4753964
            ],
            [
              18.4540102,
              54.4753959
            ],
            [
              18.4540682,
              54.4754327
            ],
            [
              18.4541327,
              54.4754252
            ],
            [
              18.4542629,
              54.4754962
            ],
            [
              18.4546182,
              54.475531
            ],
            [
              18.4546981,
              54.4755642
            ],
            [
              18.4548781,
              54.4755803
            ],
            [
              18.4550068,
              54.475637
            ],
            [
              18.4550294,
              54.4757374
            ],
            [
              18.45528,
              54.475861
            ],
            [
              18.4554547,
              54.475888
            ],
            [
              18.4554913,
              54.4758809
            ],
            [
              18.4555509,
              54.4758161
            ],
            [
              18.4555797,
              54.4758338
            ],
            [
              18.4557777,
              54.4757786
            ],
            [
              18.4559269,
              54.4758327
            ],
            [
              18.456171,
              54.4758737
            ],
            [
              18.4562304,
              54.47586
            ],
            [
              18.4563784,
              54.4758832
            ],
            [
              18.4566855,
              54.4760229
            ],
            [
              18.4583081,
              54.4764168
            ],
            [
              18.4588787,
              54.4766038
            ],
            [
              18.4594663,
              54.4766294
            ],
            [
              18.4592912,
              54.4768325
            ],
            [
              18.4601763,
              54.4772269
            ],
            [
              18.4606189,
              54.4774229
            ],
            [
              18.461082,
              54.4776318
            ],
            [
              18.4616433,
              54.4777593
            ],
            [
              18.4625531,
              54.4781506
            ],
            [
              18.4629466,
              54.4780578
            ],
            [
              18.4629726,
              54.4781151
            ],
            [
              18.463072,
              54.4781454
            ],
            [
              18.4629626,
              54.4781831
            ],
            [
              18.4631392,
              54.4783678
            ],
            [
              18.4633123,
              54.478433
            ],
            [
              18.4634266,
              54.4784126
            ],
            [
              18.4635117,
              54.47849
            ],
            [
              18.4634625,
              54.4786332
            ],
            [
              18.4635195,
              54.4787198
            ],
            [
              18.4636925,
              54.4787846
            ],
            [
              18.4638482,
              54.4787867
            ],
            [
              18.4638257,
              54.4788068
            ],
            [
              18.4638499,
              54.4788737
            ],
            [
              18.4639489,
              54.4789345
            ],
            [
              18.4640299,
              54.4789316
            ],
            [
              18.4641857,
              54.479007
            ],
            [
              18.4642466,
              54.4789677
            ],
            [
              18.4642497,
              54.4789946
            ],
            [
              18.4642966,
              54.4790257
            ],
            [
              18.4643565,
              54.4790217
            ],
            [
              18.4644782,
              54.4790491
            ],
            [
              18.4646843,
              54.4789408
            ],
            [
              18.4648964,
              54.4791203
            ],
            [
              18.464857,
              54.4791657
            ],
            [
              18.4649122,
              54.4791772
            ],
            [
              18.4649846,
              54.4792635
            ],
            [
              18.4650573,
              54.4791978
            ],
            [
              18.4651356,
              54.4792263
            ],
            [
              18.4652373,
              54.4792138
            ],
            [
              18.4652936,
              54.479221
            ],
            [
              18.4652556,
              54.4792484
            ],
            [
              18.4652508,
              54.4793082
            ],
            [
              18.4651153,
              54.4793866
            ],
            [
              18.4652077,
              54.4794225
            ],
            [
              18.4652949,
              54.4794262
            ],
            [
              18.4652457,
              54.4794808
            ],
            [
              18.4650859,
              54.4795791
            ],
            [
              18.4650898,
              54.4796365
            ],
            [
              18.4651772,
              54.4796658
            ],
            [
              18.4650838,
              54.4797036
            ],
            [
              18.46521,
              54.4797742
            ],
            [
              18.4651839,
              54.4798481
            ],
            [
              18.4651236,
              54.4798405
            ],
            [
              18.4651199,
              54.4798628
            ],
            [
              18.4649434,
              54.4799261
            ],
            [
              18.4649828,
              54.4800521
            ],
            [
              18.4650838,
              54.4801355
            ],
            [
              18.4649857,
              54.4801849
            ],
            [
              18.4651573,
              54.480273
            ],
            [
              18.4651739,
              54.4803116
            ],
            [
              18.4651104,
              54.4803744
            ],
            [
              18.4650312,
              54.4804092
            ],
            [
              18.4649261,
              54.4804277
            ],
            [
              18.4649785,
              54.4804721
            ],
            [
              18.4651157,
              54.4804883
            ],
            [
              18.4652433,
              54.4804523
            ],
            [
              18.4653444,
              54.4803535
            ],
            [
              18.4653975,
              54.4803458
            ],
            [
              18.4654115,
              54.4804112
            ],
            [
              18.4655531,
              54.4804816
            ],
            [
              18.4655067,
              54.4805418
            ],
            [
              18.465446,
              54.480605
            ],
            [
              18.465415,
              54.4806696
            ],
            [
              18.4655604,
              54.4807104
            ],
            [
              18.4655894,
              54.4807633
            ],
            [
              18.4658013,
              54.4808194
            ],
            [
              18.4658441,
              54.4809042
            ],
            [
              18.4660566,
              54.4808796
            ],
            [
              18.4662622,
              54.4808951
            ],
            [
              18.4663824,
              54.4810367
            ],
            [
              18.4666479,
              54.4810084
            ],
            [
              18.4667489,
              54.4809563
            ],
            [
              18.4667549,
              54.4811118
            ],
            [
              18.4669742,
              54.4811755
            ],
            [
              18.4670735,
              54.4812553
            ],
            [
              18.4672885,
              54.4812944
            ],
            [
              18.4674823,
              54.4814304
            ],
            [
              18.4676773,
              54.4815262
            ],
            [
              18.4679797,
              54.4817726
            ],
            [
              18.4682325,
              54.4820665
            ],
            [
              18.4683467,
              54.4820943
            ],
            [
              18.4682862,
              54.4822311
            ],
            [
              18.4682816,
              54.4824094
            ],
            [
              18.4683142,
              54.4824514
            ],
            [
              18.468243,
              54.4824823
            ],
            [
              18.4682336,
              54.4826363
            ],
            [
              18.4683753,
              54.4828391
            ],
            [
              18.4682924,
              54.4828982
            ],
            [
              18.4682991,
              54.4830828
            ],
            [
              18.468338,
              54.4831166
            ],
            [
              18.468345,
              54.4832371
            ],
            [
              18.4683975,
              54.4832832
            ],
            [
              18.468356,
              54.483355
            ],
            [
              18.4684017,
              54.4833944
            ],
            [
              18.4682274,
              54.4835115
            ],
            [
              18.4682074,
              54.4835632
            ],
            [
              18.4682746,
              54.483607
            ],
            [
              18.468277,
              54.4836465
            ],
            [
              18.4682228,
              54.4837349
            ],
            [
              18.468226,
              54.4838439
            ],
            [
              18.4681648,
              54.4839445
            ],
            [
              18.4681991,
              54.4839766
            ],
            [
              18.4681588,
              54.4840498
            ],
            [
              18.4682281,
              54.4842901
            ],
            [
              18.4681043,
              54.4844722
            ],
            [
              18.4681168,
              54.4845619
            ],
            [
              18.4682234,
              54.484655
            ],
            [
              18.4681885,
              54.4847558
            ],
            [
              18.4680617,
              54.4849
            ],
            [
              18.46768,
              54.485136
            ],
            [
              18.4674294,
              54.4854178
            ],
            [
              18.4675159,
              54.4855162
            ],
            [
              18.4675291,
              54.4855972
            ],
            [
              18.4676587,
              54.4856735
            ],
            [
              18.4677231,
              54.4858116
            ],
            [
              18.467874,
              54.4859399
            ],
            [
              18.4678636,
              54.4861059
            ],
            [
              18.4677673,
              54.4861174
            ],
            [
              18.4677301,
              54.4861725
            ],
            [
              18.4676468,
              54.486217
            ],
            [
              18.4676803,
              54.4862726
            ],
            [
              18.4674918,
              54.4863391
            ],
            [
              18.4673315,
              54.4863682
            ],
            [
              18.4674763,
              54.4866575
            ],
            [
              18.4675204,
              54.4866242
            ],
            [
              18.4683617,
              54.4870959
            ]
          ]
        ]
      },
      "id": "relation/2606786"
    },
    {
      "type": "Feature",
      "properties": {
        "@id": "relation/2606787",
        "admin_level": "9",
        "boundary": "administrative",
        "name": "Chylonia",
        "name:de": "Kielau",
        "name:pl": "Chylonia",
        "population": "26672",
        "population:date": "2013",
        "source:population": "http://stat.gov.pl/obszary-tematyczne/ludnosc/ludnosc/ludnosc-stan-i-struktura-ludnosci-oraz-ruch-naturalny-w-przekroju-terytorialnym-w-2013-r-stan-w-dniu-31-xii,6,12.html",
        "teryt:rm": "99",
        "teryt:simc": "0934151",
        "teryt:stan_na": "2009-01-01",
        "teryt:sympod": "0934100",
        "type": "boundary",
        "wikidata": "Q9191900",
        "wikipedia": "pl:Chylonia"
      },
      "geometry": {
        "type": "Polygon",
        "coordinates": [
          [
            [
              18.4613811,
              54.5555186
            ],
            [
              18.4611837,
              54.5549944
            ],
            [
              18.4609665,
              54.555101
            ],
            [
              18.4602752,
              54.5532125
            ],
            [
              18.4602261,
              54.5530772
            ],
            [
              18.4600301,
              54.5525395
            ],
            [
              18.4600027,
              54.5524642
            ],
            [
              18.4598656,
              54.5521045
            ],
            [
              18.4598193,
              54.5519814
            ],
            [
              18.4598091,
              54.5519497
            ],
            [
              18.4596877,
              54.5519213
            ],
            [
              18.4587911,
              54.5495986
            ],
            [
              18.459142,
              54.5494893
            ],
            [
              18.4582415,
              54.5475868
            ],
            [
              18.4581754,
              54.5475919
            ],
            [
              18.4581258,
              54.5473746
            ],
            [
              18.4581572,
              54.5472831
            ],
            [
              18.4577432,
              54.5464257
            ],
            [
              18.4576161,
              54.5461284
            ],
            [
              18.4574874,
              54.5458625
            ],
            [
              18.4575749,
              54.5457818
            ],
            [
              18.4564297,
              54.5435004
            ],
            [
              18.4563789,
              54.5433782
            ],
            [
              18.4560498,
              54.5428391
            ],
            [
              18.4552322,
              54.5413886
            ],
            [
              18.4550604,
              54.5410891
            ],
            [
              18.4549105,
              54.5406333
            ],
            [
              18.4546633,
              54.5402727
            ],
            [
              18.4544348,
              54.5397012
            ],
            [
              18.4544027,
              54.5391429
            ],
            [
              18.4544773,
              54.5388154
            ],
            [
              18.4545564,
              54.5384395
            ],
            [
              18.4545891,
              54.5383337
            ],
            [
              18.4546768,
              54.5380501
            ],
            [
              18.4549512,
              54.5371999
            ],
            [
              18.4552354,
              54.5363195
            ],
            [
              18.4552969,
              54.5360054
            ],
            [
              18.4553215,
              54.5358794
            ],
            [
              18.4553413,
              54.5357783
            ],
            [
              18.4553891,
              54.5351969
            ],
            [
              18.4553823,
              54.5349921
            ],
            [
              18.4555854,
              54.535013
            ],
            [
              18.457026,
              54.5351081
            ],
            [
              18.4571585,
              54.5350579
            ],
            [
              18.4573524,
              54.535072
            ],
            [
              18.4575818,
              54.5350548
            ],
            [
              18.457821,
              54.5350504
            ],
            [
              18.4580466,
              54.5350707
            ],
            [
              18.4583145,
              54.5351155
            ],
            [
              18.4585037,
              54.5351633
            ],
            [
              18.4589991,
              54.5353034
            ],
            [
              18.4595239,
              54.534935
            ],
            [
              18.4599962,
              54.5345298
            ],
            [
              18.4601435,
              54.5342965
            ],
            [
              18.4605187,
              54.5339047
            ],
            [
              18.4613064,
              54.5329619
            ],
            [
              18.462277,
              54.5318151
            ],
            [
              18.4630623,
              54.5311903
            ],
            [
              18.4641108,
              54.5316927
            ],
            [
              18.4662677,
              54.5320808
            ],
            [
              18.467096,
              54.5320834
            ],
            [
              18.467398,
              54.5320615
            ],
            [
              18.4687723,
              54.5318877
            ],
            [
              18.4694519,
              54.5318308
            ],
            [
              18.4698185,
              54.531937
            ],
            [
              18.4702882,
              54.5320712
            ],
            [
              18.4707322,
              54.5322755
            ],
            [
              18.4717018,
              54.5327234
            ],
            [
              18.4718509,
              54.5328033
            ],
            [
              18.4721672,
              54.5329582
            ],
            [
              18.4724307,
              54.5330564
            ],
            [
              18.4733213,
              54.533158
            ],
            [
              18.4728721,
              54.533961
            ],
            [
              18.4725814,
              54.5341187
            ],
            [
              18.4724655,
              54.5341794
            ],
            [
              18.4718027,
              54.5344908
            ],
            [
              18.4722619,
              54.5346709
            ],
            [
              18.4729668,
              54.5353022
            ],
            [
              18.4733124,
              54.5357094
            ],
            [
              18.4735524,
              54.5361053
            ],
            [
              18.4739904,
              54.5365537
            ],
            [
              18.4743979,
              54.5366831
            ],
            [
              18.4749212,
              54.5370124
            ],
            [
              18.4750803,
              54.5371125
            ],
            [
              18.4755788,
              54.5372336
            ],
            [
              18.4776189,
              54.5365252
            ],
            [
              18.4784892,
              54.5364812
            ],
            [
              18.4786919,
              54.5364758
            ],
            [
              18.4789499,
              54.5364717
            ],
            [
              18.4790113,
              54.5364605
            ],
            [
              18.4791743,
              54.5363078
            ],
            [
              18.4805309,
              54.5358294
            ],
            [
              18.480594,
              54.535803
            ],
            [
              18.4816526,
              54.5351713
            ],
            [
              18.4819554,
              54.5350393
            ],
            [
              18.4821544,
              54.5349967
            ],
            [
              18.4829725,
              54.5347389
            ],
            [
              18.4838431,
              54.5345047
            ],
            [
              18.4843805,
              54.535181
            ],
            [
              18.4852639,
              54.5362952
            ],
            [
              18.4856518,
              54.5367727
            ],
            [
              18.4856993,
              54.5367643
            ],
            [
              18.4857492,
              54.5369682
            ],
            [
              18.485769,
              54.536964
            ],
            [
              18.4865471,
              54.5379595
            ],
            [
              18.4866858,
              54.5379001
            ],
            [
              18.4866727,
              54.5379983
            ],
            [
              18.4857239,
              54.538392
            ],
            [
              18.4864566,
              54.5384239
            ],
            [
              18.4885364,
              54.5375918
            ],
            [
              18.4886032,
              54.5377415
            ],
            [
              18.4888063,
              54.5376596
            ],
            [
              18.4895864,
              54.5383087
            ],
            [
              18.4895826,
              54.5383609
            ],
            [
              18.4897365,
              54.5387965
            ],
            [
              18.4897712,
              54.538907
            ],
            [
              18.4898086,
              54.5390261
            ],
            [
              18.4900379,
              54.5391384
            ],
            [
              18.4900925,
              54.5391957
            ],
            [
              18.4903764,
              54.5393044
            ],
            [
              18.4904655,
              54.5392857
            ],
            [
              18.4907528,
              54.5393129
            ],
            [
              18.4909809,
              54.539328
            ],
            [
              18.4912573,
              54.5394005
            ],
            [
              18.4917101,
              54.5394853
            ],
            [
              18.4921874,
              54.5396158
            ],
            [
              18.4922895,
              54.5397096
            ],
            [
              18.4927067,
              54.5398402
            ],
            [
              18.4928389,
              54.5398198
            ],
            [
              18.4928915,
              54.5398228
            ],
            [
              18.4930942,
              54.539837
            ],
            [
              18.4935324,
              54.5398863
            ],
            [
              18.4935523,
              54.5399108
            ],
            [
              18.4936115,
              54.5399213
            ],
            [
              18.4938125,
              54.5399919
            ],
            [
              18.4939523,
              54.5400049
            ],
            [
              18.4939103,
              54.5400258
            ],
            [
              18.4939515,
              54.5400512
            ],
            [
              18.4940752,
              54.5401598
            ],
            [
              18.4942485,
              54.5402944
            ],
            [
              18.4946553,
              54.5405708
            ],
            [
              18.4949813,
              54.540505
            ],
            [
              18.4948761,
              54.5409604
            ],
            [
              18.4945576,
              54.5411027
            ],
            [
              18.4930977,
              54.5419126
            ],
            [
              18.4928781,
              54.5420472
            ],
            [
              18.4926898,
              54.5421807
            ],
            [
              18.4924911,
              54.5423424
            ],
            [
              18.4921157,
              54.5426723
            ],
            [
              18.4919422,
              54.5428293
            ],
            [
              18.4917609,
              54.5429694
            ],
            [
              18.4915992,
              54.5430749
            ],
            [
              18.4914171,
              54.5431879
            ],
            [
              18.491213,
              54.5432956
            ],
            [
              18.4909866,
              54.5434055
            ],
            [
              18.4905717,
              54.5435909
            ],
            [
              18.490356,
              54.5436746
            ],
            [
              18.4900049,
              54.5437955
            ],
            [
              18.49004,
              54.5438309
            ],
            [
              18.4892418,
              54.5441779
            ],
            [
              18.4876732,
              54.5448763
            ],
            [
              18.4874815,
              54.5449597
            ],
            [
              18.4872411,
              54.5450572
            ],
            [
              18.4848869,
              54.5461149
            ],
            [
              18.4825115,
              54.5471653
            ],
            [
              18.4819747,
              54.5474041
            ],
            [
              18.4816927,
              54.5475191
            ],
            [
              18.4814525,
              54.5476031
            ],
            [
              18.4812023,
              54.5476742
            ],
            [
              18.4809301,
              54.5477346
            ],
            [
              18.4802048,
              54.5478764
            ],
            [
              18.4795945,
              54.5480187
            ],
            [
              18.4794325,
              54.5480661
            ],
            [
              18.478945,
              54.5482306
            ],
            [
              18.478128,
              54.5486036
            ],
            [
              18.4777355,
              54.5488198
            ],
            [
              18.4776503,
              54.5488667
            ],
            [
              18.4769267,
              54.5492678
            ],
            [
              18.476321,
              54.5496013
            ],
            [
              18.4754229,
              54.5499986
            ],
            [
              18.4734407,
              54.5508787
            ],
            [
              18.4731566,
              54.5510054
            ],
            [
              18.4729436,
              54.5511005
            ],
            [
              18.4712486,
              54.5518437
            ],
            [
              18.4696916,
              54.5525312
            ],
            [
              18.468513,
              54.5530569
            ],
            [
              18.4686874,
              54.5532441
            ],
            [
              18.4688269,
              54.5533683
            ],
            [
              18.4677328,
              54.553702
            ],
            [
              18.4638368,
              54.5548328
            ],
            [
              18.4613811,
              54.5555186
            ]
          ]
        ]
      },
      "id": "relation/2606787"
    },
    {
      "type": "Feature",
      "properties": {
        "@id": "relation/2606788",
        "admin_level": "9",
        "boundary": "administrative",
        "is_in:city": "Gdynia",
        "is_in:province": "województwo pomorskie",
        "name": "Cisowa",
        "name:de": "Ciessau",
        "name:pl": "Cisowa",
        "type": "boundary",
        "wikidata": "Q9192814",
        "wikipedia": "pl:Cisowa (Gdynia)"
      },
      "geometry": {
        "type": "Polygon",
        "coordinates": [
          [
            [
              18.4608803,
              54.5576515
            ],
            [
              18.4394478,
              54.5639727
            ],
            [
              18.4391436,
              54.5638394
            ],
            [
              18.4383,
              54.5634644
            ],
            [
              18.4364161,
              54.5626654
            ],
            [
              18.4361211,
              54.5630862
            ],
            [
              18.4335418,
              54.563625
            ],
            [
              18.4344201,
              54.5653721
            ],
            [
              18.4342977,
              54.5665868
            ],
            [
              18.4340069,
              54.5668341
            ],
            [
              18.4316926,
              54.5666014
            ],
            [
              18.4309204,
              54.5665046
            ],
            [
              18.4309439,
              54.5664417
            ],
            [
              18.4309299,
              54.5663984
            ],
            [
              18.430914,
              54.5663111
            ],
            [
              18.430962,
              54.5662865
            ],
            [
              18.4310306,
              54.5662648
            ],
            [
              18.4310213,
              54.566235
            ],
            [
              18.4309386,
              54.5662098
            ],
            [
              18.4309146,
              54.5661849
            ],
            [
              18.4309367,
              54.5661729
            ],
            [
              18.4310175,
              54.5661534
            ],
            [
              18.4310072,
              54.5661101
            ],
            [
              18.4309599,
              54.566083
            ],
            [
              18.4309534,
              54.566029
            ],
            [
              18.4310162,
              54.5659875
            ],
            [
              18.4309857,
              54.5658951
            ],
            [
              18.4309381,
              54.5658077
            ],
            [
              18.4310205,
              54.5657655
            ],
            [
              18.4310649,
              54.5657282
            ],
            [
              18.4309963,
              54.5656626
            ],
            [
              18.4310298,
              54.5656209
            ],
            [
              18.4310107,
              54.5655946
            ],
            [
              18.4309351,
              54.5655857
            ],
            [
              18.4309345,
              54.5655396
            ],
            [
              18.4309974,
              54.5654931
            ],
            [
              18.4310275,
              54.5654372
            ],
            [
              18.4311155,
              54.5654284
            ],
            [
              18.431169,
              54.565357
            ],
            [
              18.4311643,
              54.56534
            ],
            [
              18.4309963,
              54.5653101
            ],
            [
              18.4307988,
              54.565212
            ],
            [
              18.4307694,
              54.5652176
            ],
            [
              18.4307198,
              54.5652741
            ],
            [
              18.4305288,
              54.5653178
            ],
            [
              18.4305345,
              54.5652548
            ],
            [
              18.4305084,
              54.5652014
            ],
            [
              18.4305513,
              54.5651903
            ],
            [
              18.4305789,
              54.5651379
            ],
            [
              18.4305926,
              54.565026
            ],
            [
              18.4305833,
              54.564994
            ],
            [
              18.4303894,
              54.5649839
            ],
            [
              18.4303645,
              54.564932
            ],
            [
              18.4303993,
              54.5648896
            ],
            [
              18.4303691,
              54.564866
            ],
            [
              18.4301961,
              54.5648454
            ],
            [
              18.4301799,
              54.5646914
            ],
            [
              18.4301143,
              54.5646741
            ],
            [
              18.4300579,
              54.5646887
            ],
            [
              18.4300237,
              54.5646049
            ],
            [
              18.4299361,
              54.5644966
            ],
            [
              18.4298699,
              54.5644325
            ],
            [
              18.42982,
              54.5643316
            ],
            [
              18.429893,
              54.5642589
            ],
            [
              18.429907,
              54.5642206
            ],
            [
              18.4298881,
              54.5641759
            ],
            [
              18.4298518,
              54.5641544
            ],
            [
              18.4297712,
              54.564154
            ],
            [
              18.42971,
              54.5640864
            ],
            [
              18.4297642,
              54.5640469
            ],
            [
              18.4297756,
              54.5640207
            ],
            [
              18.4297683,
              54.5639306
            ],
            [
              18.4297166,
              54.5637843
            ],
            [
              18.4293658,
              54.5628621
            ],
            [
              18.4289727,
              54.5619099
            ],
            [
              18.4285928,
              54.5609777
            ],
            [
              18.42824,
              54.5601179
            ],
            [
              18.4281958,
              54.5600453
            ],
            [
              18.428059,
              54.5597092
            ],
            [
              18.4277748,
              54.5589864
            ],
            [
              18.4272897,
              54.5588692
            ],
            [
              18.4257385,
              54.558511
            ],
            [
              18.4258013,
              54.5584925
            ],
            [
              18.4241456,
              54.5581147
            ],
            [
              18.4216107,
              54.5575301
            ],
            [
              18.42052,
              54.5572568
            ],
            [
              18.4194835,
              54.5570321
            ],
            [
              18.4181566,
              54.556932
            ],
            [
              18.4170653,
              54.5568448
            ],
            [
              18.4166303,
              54.5568116
            ],
            [
              18.415832,
              54.5567517
            ],
            [
              18.4155786,
              54.5567531
            ],
            [
              18.4151537,
              54.556754
            ],
            [
              18.4143833,
              54.5567555
            ],
            [
              18.4134401,
              54.5568496
            ],
            [
              18.412757,
              54.5569203
            ],
            [
              18.4124208,
              54.5569576
            ],
            [
              18.4122302,
              54.5569859
            ],
            [
              18.4113903,
              54.5571191
            ],
            [
              18.4113508,
              54.5570566
            ],
            [
              18.4110228,
              54.5571136
            ],
            [
              18.4107764,
              54.5567602
            ],
            [
              18.4105583,
              54.556571
            ],
            [
              18.4135222,
              54.5553945
            ],
            [
              18.4155468,
              54.5546332
            ],
            [
              18.4162581,
              54.5544249
            ],
            [
              18.417175,
              54.5542108
            ],
            [
              18.4159253,
              54.5536816
            ],
            [
              18.4158766,
              54.5535289
            ],
            [
              18.4156736,
              54.5534267
            ],
            [
              18.4154819,
              54.5534418
            ],
            [
              18.4144538,
              54.5535993
            ],
            [
              18.4140817,
              54.5536787
            ],
            [
              18.413849,
              54.5537207
            ],
            [
              18.4135553,
              54.553443
            ],
            [
              18.4132308,
              54.5532097
            ],
            [
              18.4126089,
              54.5529033
            ],
            [
              18.4118858,
              54.5527905
            ],
            [
              18.4111133,
              54.552877
            ],
            [
              18.4108553,
              54.5528813
            ],
            [
              18.4103507,
              54.5527089
            ],
            [
              18.40993,
              54.5526711
            ],
            [
              18.4092946,
              54.5526565
            ],
            [
              18.4091586,
              54.5526098
            ],
            [
              18.4089732,
              54.5525462
            ],
            [
              18.4073623,
              54.5514794
            ],
            [
              18.4084567,
              54.5510375
            ],
            [
              18.4089104,
              54.5507659
            ],
            [
              18.4091543,
              54.5506758
            ],
            [
              18.4098064,
              54.5505018
            ],
            [
              18.4104415,
              54.5502231
            ],
            [
              18.4106834,
              54.5498023
            ],
            [
              18.4108309,
              54.5497516
            ],
            [
              18.4109702,
              54.5497294
            ],
            [
              18.4111214,
              54.5497052
            ],
            [
              18.411885,
              54.5497244
            ],
            [
              18.4121284,
              54.5497305
            ],
            [
              18.4126992,
              54.5496201
            ],
            [
              18.412922,
              54.5494964
            ],
            [
              18.4131136,
              54.5494275
            ],
            [
              18.4136659,
              54.5494453
            ],
            [
              18.4139609,
              54.5494548
            ],
            [
              18.4143552,
              54.5494205
            ],
            [
              18.4144799,
              54.5493041
            ],
            [
              18.4146481,
              54.5487227
            ],
            [
              18.4147447,
              54.5485347
            ],
            [
              18.4149348,
              54.5483971
            ],
            [
              18.4151619,
              54.548288
            ],
            [
              18.4154351,
              54.5482285
            ],
            [
              18.4157758,
              54.5479303
            ],
            [
              18.4159596,
              54.5477186
            ],
            [
              18.4162177,
              54.5476549
            ],
            [
              18.4167712,
              54.5476397
            ],
            [
              18.4169772,
              54.5477213
            ],
            [
              18.4171496,
              54.5476288
            ],
            [
              18.417241,
              54.5473673
            ],
            [
              18.41733,
              54.5473128
            ],
            [
              18.4185754,
              54.5473742
            ],
            [
              18.4191944,
              54.5473702
            ],
            [
              18.4199169,
              54.5477072
            ],
            [
              18.4208413,
              54.5481424
            ],
            [
              18.4223757,
              54.5479377
            ],
            [
              18.4231591,
              54.546868
            ],
            [
              18.4252846,
              54.5462092
            ],
            [
              18.4266787,
              54.5457718
            ],
            [
              18.4287423,
              54.5451358
            ],
            [
              18.4297849,
              54.5449054
            ],
            [
              18.4325722,
              54.5439072
            ],
            [
              18.4341468,
              54.5433351
            ],
            [
              18.4393643,
              54.5414393
            ],
            [
              18.4402577,
              54.5412634
            ],
            [
              18.4405853,
              54.541158
            ],
            [
              18.4408692,
              54.5411266
            ],
            [
              18.4414642,
              54.5411214
            ],
            [
              18.4415305,
              54.5411771
            ],
            [
              18.4464108,
              54.540331
            ],
            [
              18.4473376,
              54.5401611
            ],
            [
              18.4479698,
              54.5397796
            ],
            [
              18.4483478,
              54.5398662
            ],
            [
              18.4485857,
              54.5392336
            ],
            [
              18.4485699,
              54.5388977
            ],
            [
              18.4487255,
              54.5388199
            ],
            [
              18.4491079,
              54.538864
            ],
            [
              18.4492643,
              54.5389478
            ],
            [
              18.4494293,
              54.5390396
            ],
            [
              18.4496976,
              54.5391126
            ],
            [
              18.449835,
              54.5388707
            ],
            [
              18.4501573,
              54.5387569
            ],
            [
              18.4503221,
              54.5386513
            ],
            [
              18.4506803,
              54.5383395
            ],
            [
              18.4510084,
              54.5386477
            ],
            [
              18.4510374,
              54.5386653
            ],
            [
              18.4513786,
              54.538919
            ],
            [
              18.451433,
              54.5388942
            ],
            [
              18.4514617,
              54.5388811
            ],
            [
              18.4515659,
              54.5388336
            ],
            [
              18.4526107,
              54.5383611
            ],
            [
              18.4528109,
              54.5385124
            ],
            [
              18.4528226,
              54.5385765
            ],
            [
              18.452827,
              54.5386055
            ],
            [
              18.4530416,
              54.5384974
            ],
            [
              18.4530598,
              54.5384883
            ],
            [
              18.4540792,
              54.5379762
            ],
            [
              18.4542456,
              54.5374518
            ],
            [
              18.4546768,
              54.5380501
            ],
            [
              18.4545891,
              54.5383337
            ],
            [
              18.4545564,
              54.5384395
            ],
            [
              18.4544773,
              54.5388154
            ],
            [
              18.4544027,
              54.5391429
            ],
            [
              18.4544348,
              54.5397012
            ],
            [
              18.4546633,
              54.5402727
            ],
            [
              18.4549105,
              54.5406333
            ],
            [
              18.4550604,
              54.5410891
            ],
            [
              18.4552322,
              54.5413886
            ],
            [
              18.4560498,
              54.5428391
            ],
            [
              18.4563789,
              54.5433782
            ],
            [
              18.4564297,
              54.5435004
            ],
            [
              18.4575749,
              54.5457818
            ],
            [
              18.4574874,
              54.5458625
            ],
            [
              18.4576161,
              54.5461284
            ],
            [
              18.4577432,
              54.5464257
            ],
            [
              18.4581572,
              54.5472831
            ],
            [
              18.4581258,
              54.5473746
            ],
            [
              18.4581754,
              54.5475919
            ],
            [
              18.4582415,
              54.5475868
            ],
            [
              18.459142,
              54.5494893
            ],
            [
              18.4587911,
              54.5495986
            ],
            [
              18.4596877,
              54.5519213
            ],
            [
              18.4598091,
              54.5519497
            ],
            [
              18.4598193,
              54.5519814
            ],
            [
              18.4598656,
              54.5521045
            ],
            [
              18.4600027,
              54.5524642
            ],
            [
              18.4600301,
              54.5525395
            ],
            [
              18.4602261,
              54.5530772
            ],
            [
              18.4602752,
              54.5532125
            ],
            [
              18.4609665,
              54.555101
            ],
            [
              18.4611837,
              54.5549944
            ],
            [
              18.4613811,
              54.5555186
            ],
            [
              18.4601894,
              54.5557669
            ],
            [
              18.46027,
              54.5559654
            ],
            [
              18.4602583,
              54.5560073
            ],
            [
              18.4608803,
              54.5576515
            ]
          ]
        ]
      },
      "id": "relation/2606788"
    },
    {
      "type": "Feature",
      "properties": {
        "@id": "relation/2606789",
        "admin_level": "9",
        "boundary": "administrative",
        "is_in:city": "Gdynia",
        "is_in:province": "województwo pomorskie",
        "name": "Działki Leśne",
        "type": "boundary"
      },
      "geometry": {
        "type": "Polygon",
        "coordinates": [
          [
            [
              18.5259169,
              54.5217075
            ],
            [
              18.525905,
              54.5214436
            ],
            [
              18.5266841,
              54.5211601
            ],
            [
              18.5264748,
              54.5209854
            ],
            [
              18.5265004,
              54.5208581
            ],
            [
              18.5263553,
              54.5207136
            ],
            [
              18.5262926,
              54.5207129
            ],
            [
              18.5261901,
              54.5207351
            ],
            [
              18.5259603,
              54.5205419
            ],
            [
              18.5252142,
              54.5208253
            ],
            [
              18.5251825,
              54.520802
            ],
            [
              18.5251236,
              54.5207471
            ],
            [
              18.5249549,
              54.5207958
            ],
            [
              18.524961,
              54.5208057
            ],
            [
              18.5249673,
              54.5208148
            ],
            [
              18.5247869,
              54.5208697
            ],
            [
              18.5246182,
              54.5207144
            ],
            [
              18.5243509,
              54.5205508
            ],
            [
              18.5241617,
              54.5204351
            ],
            [
              18.5240262,
              54.5204952
            ],
            [
              18.5239732,
              54.5205002
            ],
            [
              18.5238896,
              54.5204564
            ],
            [
              18.5238542,
              54.5204858
            ],
            [
              18.5235683,
              54.5203186
            ],
            [
              18.5234147,
              54.5202312
            ],
            [
              18.5229939,
              54.5203356
            ],
            [
              18.5229495,
              54.5203224
            ],
            [
              18.5222167,
              54.5205694
            ],
            [
              18.5218428,
              54.5202102
            ],
            [
              18.5222161,
              54.5201219
            ],
            [
              18.5233153,
              54.5198297
            ],
            [
              18.5239398,
              54.5196746
            ],
            [
              18.5243368,
              54.5195682
            ],
            [
              18.5241978,
              54.5194908
            ],
            [
              18.5240001,
              54.51948
            ],
            [
              18.5220178,
              54.5196638
            ],
            [
              18.5216191,
              54.5197234
            ],
            [
              18.5206553,
              54.5198698
            ],
            [
              18.5204915,
              54.5198947
            ],
            [
              18.5203695,
              54.5199066
            ],
            [
              18.5203316,
              54.5199103
            ],
            [
              18.5201121,
              54.5200511
            ],
            [
              18.5191311,
              54.5197704
            ],
            [
              18.5187203,
              54.5196528
            ],
            [
              18.5188184,
              54.5195684
            ],
            [
              18.5175066,
              54.5192118
            ],
            [
              18.517464,
              54.5192008
            ],
            [
              18.5163679,
              54.5185327
            ],
            [
              18.5160294,
              54.5183745
            ],
            [
              18.5158396,
              54.5183092
            ],
            [
              18.515055,
              54.5180403
            ],
            [
              18.5146122,
              54.5178855
            ],
            [
              18.5144776,
              54.5178215
            ],
            [
              18.5143719,
              54.5177066
            ],
            [
              18.5143236,
              54.5176053
            ],
            [
              18.5143397,
              54.5175166
            ],
            [
              18.5146709,
              54.5172595
            ],
            [
              18.5150432,
              54.5172011
            ],
            [
              18.515337,
              54.5170872
            ],
            [
              18.5153766,
              54.5169983
            ],
            [
              18.5154355,
              54.5168662
            ],
            [
              18.5153842,
              54.5165843
            ],
            [
              18.5152347,
              54.5164103
            ],
            [
              18.5153145,
              54.5163549
            ],
            [
              18.5148727,
              54.5161168
            ],
            [
              18.5143473,
              54.5159293
            ],
            [
              18.5121952,
              54.5155492
            ],
            [
              18.5117967,
              54.5152622
            ],
            [
              18.5116515,
              54.515292
            ],
            [
              18.5111926,
              54.5152344
            ],
            [
              18.5110562,
              54.5152944
            ],
            [
              18.5104541,
              54.5154255
            ],
            [
              18.5101956,
              54.515421
            ],
            [
              18.510106,
              54.5153677
            ],
            [
              18.5095671,
              54.5152053
            ],
            [
              18.5092362,
              54.5152168
            ],
            [
              18.509088,
              54.5153003
            ],
            [
              18.5088234,
              54.5155049
            ],
            [
              18.5086334,
              54.515596
            ],
            [
              18.5082867,
              54.5156684
            ],
            [
              18.5068833,
              54.5152447
            ],
            [
              18.506836,
              54.5152272
            ],
            [
              18.5065945,
              54.5151915
            ],
            [
              18.5053398,
              54.5150329
            ],
            [
              18.5052652,
              54.5141916
            ],
            [
              18.5050992,
              54.5139007
            ],
            [
              18.5057317,
              54.5135384
            ],
            [
              18.5058461,
              54.5135193
            ],
            [
              18.5059313,
              54.5134855
            ],
            [
              18.5059716,
              54.5134743
            ],
            [
              18.5063993,
              54.5133338
            ],
            [
              18.507134,
              54.5129751
            ],
            [
              18.5075419,
              54.5127598
            ],
            [
              18.5077312,
              54.5126563
            ],
            [
              18.5083524,
              54.512416
            ],
            [
              18.5093689,
              54.5120222
            ],
            [
              18.5102456,
              54.5116826
            ],
            [
              18.5118155,
              54.5111073
            ],
            [
              18.5127378,
              54.5106754
            ],
            [
              18.515283,
              54.5096919
            ],
            [
              18.5168394,
              54.5091406
            ],
            [
              18.5183435,
              54.5089646
            ],
            [
              18.5194891,
              54.5083543
            ],
            [
              18.5190961,
              54.507746
            ],
            [
              18.5189034,
              54.5073615
            ],
            [
              18.5193296,
              54.5070647
            ],
            [
              18.5200304,
              54.5066559
            ],
            [
              18.5204007,
              54.506434
            ],
            [
              18.5210681,
              54.5061132
            ],
            [
              18.5216699,
              54.5063341
            ],
            [
              18.5221126,
              54.5065506
            ],
            [
              18.5226343,
              54.507002
            ],
            [
              18.5232089,
              54.507506
            ],
            [
              18.5236258,
              54.5077651
            ],
            [
              18.5240126,
              54.5079388
            ],
            [
              18.5245124,
              54.5080949
            ],
            [
              18.5250015,
              54.5081985
            ],
            [
              18.5254743,
              54.5082512
            ],
            [
              18.525894,
              54.5082693
            ],
            [
              18.5268921,
              54.5082273
            ],
            [
              18.5283778,
              54.508174
            ],
            [
              18.5290789,
              54.5081818
            ],
            [
              18.5294773,
              54.5081957
            ],
            [
              18.5295187,
              54.5081068
            ],
            [
              18.5310485,
              54.5082514
            ],
            [
              18.5339854,
              54.50817
            ],
            [
              18.5347868,
              54.5081473
            ],
            [
              18.535069,
              54.5081123
            ],
            [
              18.5351438,
              54.508865
            ],
            [
              18.5352016,
              54.5094458
            ],
            [
              18.5352119,
              54.5096706
            ],
            [
              18.5352192,
              54.5098281
            ],
            [
              18.5352305,
              54.5100745
            ],
            [
              18.5352356,
              54.5101867
            ],
            [
              18.5353496,
              54.5126676
            ],
            [
              18.5353293,
              54.5126676
            ],
            [
              18.5353952,
              54.5132915
            ],
            [
              18.5354463,
              54.5139018
            ],
            [
              18.5354282,
              54.5146616
            ],
            [
              18.535233,
              54.5155191
            ],
            [
              18.5351114,
              54.515882
            ],
            [
              18.5349918,
              54.5161605
            ],
            [
              18.5348063,
              54.5165129
            ],
            [
              18.5342307,
              54.5174062
            ],
            [
              18.5338657,
              54.517833
            ],
            [
              18.5333989,
              54.5182733
            ],
            [
              18.5330283,
              54.5185847
            ],
            [
              18.5322853,
              54.5190739
            ],
            [
              18.5320714,
              54.5191247
            ],
            [
              18.531976,
              54.5191894
            ],
            [
              18.5318585,
              54.5192696
            ],
            [
              18.5317183,
              54.5193615
            ],
            [
              18.5316232,
              54.5194166
            ],
            [
              18.5309911,
              54.5196935
            ],
            [
              18.530194,
              54.5199208
            ],
            [
              18.5300287,
              54.5199989
            ],
            [
              18.5299647,
              54.5199948
            ],
            [
              18.5297762,
              54.5199568
            ],
            [
              18.5295751,
              54.520202
            ],
            [
              18.5259169,
              54.5217075
            ]
          ]
        ]
      },
      "id": "relation/2606789"
    },
    {
      "type": "Feature",
      "properties": {
        "@id": "relation/2606790",
        "admin_level": "9",
        "boundary": "administrative",
        "name": "Dąbrowa",
        "population": "14013",
        "population:date": "2019",
        "source:population": "http://stat.gov.pl/obszary-tematyczne/ludnosc/ludnosc/ludnosc-stan-i-struktura-ludnosci-oraz-ruch-naturalny-w-przekroju-terytorialnym-w-2013-r-stan-w-dniu-31-xii,6,12.html",
        "teryt:rm": "99",
        "teryt:simc": "1061357",
        "teryt:stan_na": "2009-01-01",
        "teryt:sympod": "0934100",
        "teryt:updated_by": "teryt2osm combine.py v. 49",
        "type": "boundary",
        "wikidata": "Q11695802",
        "wikipedia": "pl:Dąbrowa (Gdynia)"
      },
      "geometry": {
        "type": "Polygon",
        "coordinates": [
          [
            [
              18.4683617,
              54.4870959
            ],
            [
              18.4675204,
              54.4866242
            ],
            [
              18.4674763,
              54.4866575
            ],
            [
              18.4673315,
              54.4863682
            ],
            [
              18.4674918,
              54.4863391
            ],
            [
              18.4676803,
              54.4862726
            ],
            [
              18.4676468,
              54.486217
            ],
            [
              18.4677301,
              54.4861725
            ],
            [
              18.4677673,
              54.4861174
            ],
            [
              18.4678636,
              54.4861059
            ],
            [
              18.467874,
              54.4859399
            ],
            [
              18.4677231,
              54.4858116
            ],
            [
              18.4676587,
              54.4856735
            ],
            [
              18.4675291,
              54.4855972
            ],
            [
              18.4675159,
              54.4855162
            ],
            [
              18.4674294,
              54.4854178
            ],
            [
              18.46768,
              54.485136
            ],
            [
              18.4680617,
              54.4849
            ],
            [
              18.4681885,
              54.4847558
            ],
            [
              18.4682234,
              54.484655
            ],
            [
              18.4681168,
              54.4845619
            ],
            [
              18.4681043,
              54.4844722
            ],
            [
              18.4682281,
              54.4842901
            ],
            [
              18.4681588,
              54.4840498
            ],
            [
              18.4681991,
              54.4839766
            ],
            [
              18.4681648,
              54.4839445
            ],
            [
              18.468226,
              54.4838439
            ],
            [
              18.4682228,
              54.4837349
            ],
            [
              18.468277,
              54.4836465
            ],
            [
              18.4682746,
              54.483607
            ],
            [
              18.4682074,
              54.4835632
            ],
            [
              18.4682274,
              54.4835115
            ],
            [
              18.4684017,
              54.4833944
            ],
            [
              18.468356,
              54.483355
            ],
            [
              18.4683975,
              54.4832832
            ],
            [
              18.468345,
              54.4832371
            ],
            [
              18.468338,
              54.4831166
            ],
            [
              18.4682991,
              54.4830828
            ],
            [
              18.4682924,
              54.4828982
            ],
            [
              18.4683753,
              54.4828391
            ],
            [
              18.4682336,
              54.4826363
            ],
            [
              18.468243,
              54.4824823
            ],
            [
              18.4683142,
              54.4824514
            ],
            [
              18.4682816,
              54.4824094
            ],
            [
              18.4682862,
              54.4822311
            ],
            [
              18.4683467,
              54.4820943
            ],
            [
              18.4682325,
              54.4820665
            ],
            [
              18.4679797,
              54.4817726
            ],
            [
              18.4676773,
              54.4815262
            ],
            [
              18.4674823,
              54.4814304
            ],
            [
              18.4672885,
              54.4812944
            ],
            [
              18.4670735,
              54.4812553
            ],
            [
              18.4669742,
              54.4811755
            ],
            [
              18.4667549,
              54.4811118
            ],
            [
              18.4667489,
              54.4809563
            ],
            [
              18.4666479,
              54.4810084
            ],
            [
              18.4663824,
              54.4810367
            ],
            [
              18.4662622,
              54.4808951
            ],
            [
              18.4660566,
              54.4808796
            ],
            [
              18.4658441,
              54.4809042
            ],
            [
              18.4658013,
              54.4808194
            ],
            [
              18.4655894,
              54.4807633
            ],
            [
              18.4655604,
              54.4807104
            ],
            [
              18.465415,
              54.4806696
            ],
            [
              18.465446,
              54.480605
            ],
            [
              18.4655067,
              54.4805418
            ],
            [
              18.4655531,
              54.4804816
            ],
            [
              18.4654115,
              54.4804112
            ],
            [
              18.4653975,
              54.4803458
            ],
            [
              18.4653444,
              54.4803535
            ],
            [
              18.4652433,
              54.4804523
            ],
            [
              18.4651157,
              54.4804883
            ],
            [
              18.4649785,
              54.4804721
            ],
            [
              18.4649261,
              54.4804277
            ],
            [
              18.4650312,
              54.4804092
            ],
            [
              18.4651104,
              54.4803744
            ],
            [
              18.4651739,
              54.4803116
            ],
            [
              18.4651573,
              54.480273
            ],
            [
              18.4649857,
              54.4801849
            ],
            [
              18.4650838,
              54.4801355
            ],
            [
              18.4649828,
              54.4800521
            ],
            [
              18.4649434,
              54.4799261
            ],
            [
              18.4651199,
              54.4798628
            ],
            [
              18.4651236,
              54.4798405
            ],
            [
              18.4651839,
              54.4798481
            ],
            [
              18.46521,
              54.4797742
            ],
            [
              18.4650838,
              54.4797036
            ],
            [
              18.4651772,
              54.4796658
            ],
            [
              18.4650898,
              54.4796365
            ],
            [
              18.4650859,
              54.4795791
            ],
            [
              18.4652457,
              54.4794808
            ],
            [
              18.4652949,
              54.4794262
            ],
            [
              18.4652077,
              54.4794225
            ],
            [
              18.4651153,
              54.4793866
            ],
            [
              18.4652508,
              54.4793082
            ],
            [
              18.4652556,
              54.4792484
            ],
            [
              18.4652936,
              54.479221
            ],
            [
              18.4652373,
              54.4792138
            ],
            [
              18.4651356,
              54.4792263
            ],
            [
              18.4650573,
              54.4791978
            ],
            [
              18.4649846,
              54.4792635
            ],
            [
              18.4649122,
              54.4791772
            ],
            [
              18.464857,
              54.4791657
            ],
            [
              18.4648964,
              54.4791203
            ],
            [
              18.4646843,
              54.4789408
            ],
            [
              18.4644782,
              54.4790491
            ],
            [
              18.4643565,
              54.4790217
            ],
            [
              18.4642966,
              54.4790257
            ],
            [
              18.4642497,
              54.4789946
            ],
            [
              18.4642466,
              54.4789677
            ],
            [
              18.4641857,
              54.479007
            ],
            [
              18.4640299,
              54.4789316
            ],
            [
              18.4639489,
              54.4789345
            ],
            [
              18.4638499,
              54.4788737
            ],
            [
              18.4638257,
              54.4788068
            ],
            [
              18.4638482,
              54.4787867
            ],
            [
              18.4636925,
              54.4787846
            ],
            [
              18.4635195,
              54.4787198
            ],
            [
              18.4634625,
              54.4786332
            ],
            [
              18.4635117,
              54.47849
            ],
            [
              18.4634266,
              54.4784126
            ],
            [
              18.4633123,
              54.478433
            ],
            [
              18.4631392,
              54.4783678
            ],
            [
              18.4629626,
              54.4781831
            ],
            [
              18.463072,
              54.4781454
            ],
            [
              18.4629726,
              54.4781151
            ],
            [
              18.4629466,
              54.4780578
            ],
            [
              18.4625531,
              54.4781506
            ],
            [
              18.4616433,
              54.4777593
            ],
            [
              18.461082,
              54.4776318
            ],
            [
              18.4606189,
              54.4774229
            ],
            [
              18.4601763,
              54.4772269
            ],
            [
              18.4592912,
              54.4768325
            ],
            [
              18.4594663,
              54.4766294
            ],
            [
              18.4588787,
              54.4766038
            ],
            [
              18.4583081,
              54.4764168
            ],
            [
              18.4566855,
              54.4760229
            ],
            [
              18.4563784,
              54.4758832
            ],
            [
              18.4562304,
              54.47586
            ],
            [
              18.456171,
              54.4758737
            ],
            [
              18.4559269,
              54.4758327
            ],
            [
              18.4557777,
              54.4757786
            ],
            [
              18.4555797,
              54.4758338
            ],
            [
              18.4555509,
              54.4758161
            ],
            [
              18.4554913,
              54.4758809
            ],
            [
              18.4554547,
              54.475888
            ],
            [
              18.45528,
              54.475861
            ],
            [
              18.4550294,
              54.4757374
            ],
            [
              18.4550068,
              54.475637
            ],
            [
              18.4548781,
              54.4755803
            ],
            [
              18.4546981,
              54.4755642
            ],
            [
              18.4546182,
              54.475531
            ],
            [
              18.4542629,
              54.4754962
            ],
            [
              18.4541327,
              54.4754252
            ],
            [
              18.4540682,
              54.4754327
            ],
            [
              18.4540102,
              54.4753959
            ],
            [
              18.4539698,
              54.4753964
            ],
            [
              18.4539774,
              54.4753769
            ],
            [
              18.4540262,
              54.4753769
            ],
            [
              18.454026,
              54.4753668
            ],
            [
              18.4549946,
              54.4754766
            ],
            [
              18.4553057,
              54.4756473
            ],
            [
              18.4557142,
              54.4757109
            ],
            [
              18.456208,
              54.4757444
            ],
            [
              18.4563361,
              54.4756334
            ],
            [
              18.4560134,
              54.4755453
            ],
            [
              18.4557721,
              54.4755545
            ],
            [
              18.4551187,
              54.4754718
            ],
            [
              18.455062,
              54.4754432
            ],
            [
              18.4548336,
              54.4753465
            ],
            [
              18.4542027,
              54.4752456
            ],
            [
              18.4536146,
              54.4749693
            ],
            [
              18.4531203,
              54.4748376
            ],
            [
              18.4529764,
              54.4746829
            ],
            [
              18.4527447,
              54.4748185
            ],
            [
              18.4525889,
              54.474716
            ],
            [
              18.4523687,
              54.4747216
            ],
            [
              18.4522543,
              54.4747517
            ],
            [
              18.4519157,
              54.4750035
            ],
            [
              18.4514716,
              54.4750005
            ],
            [
              18.4512798,
              54.4750653
            ],
            [
              18.4510034,
              54.4750531
            ],
            [
              18.4508927,
              54.4751014
            ],
            [
              18.4508587,
              54.4750863
            ],
            [
              18.4507558,
              54.4750686
            ],
            [
              18.45067,
              54.4750875
            ],
            [
              18.4506325,
              54.47508
            ],
            [
              18.4505388,
              54.4750945
            ],
            [
              18.4504692,
              54.4751789
            ],
            [
              18.4504211,
              54.4751962
            ],
            [
              18.450328,
              54.4752091
            ],
            [
              18.4502387,
              54.4752386
            ],
            [
              18.4501827,
              54.475242
            ],
            [
              18.4500972,
              54.4752409
            ],
            [
              18.4500622,
              54.4752185
            ],
            [
              18.4500214,
              54.475202
            ],
            [
              18.4499208,
              54.4752218
            ],
            [
              18.4498629,
              54.4752873
            ],
            [
              18.4497561,
              54.4753426
            ],
            [
              18.4497352,
              54.4753671
            ],
            [
              18.4497398,
              54.4754063
            ],
            [
              18.4496153,
              54.475423
            ],
            [
              18.4495809,
              54.4754378
            ],
            [
              18.4495572,
              54.4754659
            ],
            [
              18.4495061,
              54.4754912
            ],
            [
              18.4494291,
              54.4754935
            ],
            [
              18.4493598,
              54.4755181
            ],
            [
              18.4493152,
              54.4755242
            ],
            [
              18.4491778,
              54.4755697
            ],
            [
              18.4491702,
              54.475584
            ],
            [
              18.4491774,
              54.4756006
            ],
            [
              18.4491137,
              54.4756309
            ],
            [
              18.4490498,
              54.4756299
            ],
            [
              18.4490206,
              54.4756401
            ],
            [
              18.4488768,
              54.4757321
            ],
            [
              18.44884,
              54.4758023
            ],
            [
              18.4487925,
              54.4758167
            ],
            [
              18.448786,
              54.4758273
            ],
            [
              18.4488667,
              54.4758914
            ],
            [
              18.4488746,
              54.4759439
            ],
            [
              18.4488659,
              54.4759933
            ],
            [
              18.4487732,
              54.4760198
            ],
            [
              18.4487368,
              54.476015
            ],
            [
              18.4487122,
              54.4760208
            ],
            [
              18.4486365,
              54.4760115
            ],
            [
              18.4486045,
              54.4760592
            ],
            [
              18.4485694,
              54.47608
            ],
            [
              18.4484895,
              54.4760862
            ],
            [
              18.4484517,
              54.4761013
            ],
            [
              18.4484377,
              54.4762098
            ],
            [
              18.4484779,
              54.4763538
            ],
            [
              18.4484654,
              54.4764354
            ],
            [
              18.4484902,
              54.4764621
            ],
            [
              18.4484979,
              54.4764801
            ],
            [
              18.4485002,
              54.4765229
            ],
            [
              18.4484771,
              54.4765401
            ],
            [
              18.4484888,
              54.476566
            ],
            [
              18.4484714,
              54.4765859
            ],
            [
              18.4484285,
              54.4765916
            ],
            [
              18.4483529,
              54.4766202
            ],
            [
              18.4483286,
              54.4766443
            ],
            [
              18.4482789,
              54.4766527
            ],
            [
              18.4482577,
              54.4766639
            ],
            [
              18.4482653,
              54.4766932
            ],
            [
              18.4483056,
              54.4767046
            ],
            [
              18.4483355,
              54.4767297
            ],
            [
              18.4483137,
              54.476777
            ],
            [
              18.4482534,
              54.4768133
            ],
            [
              18.4482726,
              54.476822
            ],
            [
              18.4483258,
              54.476812
            ],
            [
              18.4483524,
              54.4768287
            ],
            [
              18.4483023,
              54.476867
            ],
            [
              18.4482996,
              54.4768988
            ],
            [
              18.4482708,
              54.4769193
            ],
            [
              18.4482051,
              54.4769266
            ],
            [
              18.4480912,
              54.4769583
            ],
            [
              18.4480871,
              54.4769679
            ],
            [
              18.4481536,
              54.4769802
            ],
            [
              18.4482009,
              54.4770236
            ],
            [
              18.4482069,
              54.4770488
            ],
            [
              18.4481669,
              54.4770573
            ],
            [
              18.4481105,
              54.4770524
            ],
            [
              18.4480698,
              54.477023
            ],
            [
              18.4480263,
              54.477038
            ],
            [
              18.4480274,
              54.4770859
            ],
            [
              18.4480048,
              54.4771067
            ],
            [
              18.4481068,
              54.4771134
            ],
            [
              18.4481619,
              54.4771263
            ],
            [
              18.4481621,
              54.4771585
            ],
            [
              18.4481025,
              54.4771762
            ],
            [
              18.4481577,
              54.4771897
            ],
            [
              18.448139,
              54.4772637
            ],
            [
              18.4480607,
              54.4772739
            ],
            [
              18.4480747,
              54.4772926
            ],
            [
              18.4480649,
              54.477343
            ],
            [
              18.448103,
              54.4773548
            ],
            [
              18.4481817,
              54.4773957
            ],
            [
              18.4481865,
              54.4774189
            ],
            [
              18.4480927,
              54.4774853
            ],
            [
              18.4480379,
              54.4774867
            ],
            [
              18.4480286,
              54.4775039
            ],
            [
              18.4479104,
              54.4775575
            ],
            [
              18.4478114,
              54.4775378
            ],
            [
              18.4478114,
              54.4775022
            ],
            [
              18.4478238,
              54.4774711
            ],
            [
              18.4478109,
              54.4774547
            ],
            [
              18.4477807,
              54.4774513
            ],
            [
              18.4477974,
              54.4774796
            ],
            [
              18.4478011,
              54.4774995
            ],
            [
              18.4477633,
              54.4775136
            ],
            [
              18.4476494,
              54.4775022
            ],
            [
              18.4476315,
              54.4775237
            ],
            [
              18.4476793,
              54.477568
            ],
            [
              18.4476711,
              54.4775849
            ],
            [
              18.4476945,
              54.4776687
            ],
            [
              18.44763,
              54.4777156
            ],
            [
              18.4475478,
              54.4776803
            ],
            [
              18.4475084,
              54.4776891
            ],
            [
              18.4474651,
              54.4776859
            ],
            [
              18.447434,
              54.4776669
            ],
            [
              18.447367,
              54.477645
            ],
            [
              18.4473425,
              54.4776462
            ],
            [
              18.4473296,
              54.477668
            ],
            [
              18.4473234,
              54.4777042
            ],
            [
              18.4473125,
              54.4777131
            ],
            [
              18.4472308,
              54.477722
            ],
            [
              18.4472499,
              54.4777457
            ],
            [
              18.4472855,
              54.4777661
            ],
            [
              18.4472892,
              54.4777884
            ],
            [
              18.4472736,
              54.4778086
            ],
            [
              18.4472302,
              54.4778114
            ],
            [
              18.4471581,
              54.4778299
            ],
            [
              18.4471368,
              54.4778478
            ],
            [
              18.4471255,
              54.4778796
            ],
            [
              18.4471184,
              54.4778985
            ],
            [
              18.4471006,
              54.4779104
            ],
            [
              18.4470906,
              54.4779319
            ],
            [
              18.4470579,
              54.4779474
            ],
            [
              18.4470422,
              54.4779712
            ],
            [
              18.4470235,
              54.4779796
            ],
            [
              18.4469638,
              54.4779845
            ],
            [
              18.4469586,
              54.477994
            ],
            [
              18.4469692,
              54.4780049
            ],
            [
              18.4470051,
              54.4780025
            ],
            [
              18.4470359,
              54.4780104
            ],
            [
              18.4470371,
              54.4780315
            ],
            [
              18.446991,
              54.4781055
            ],
            [
              18.4470474,
              54.478127
            ],
            [
              18.4470644,
              54.4781433
            ],
            [
              18.4470677,
              54.4781631
            ],
            [
              18.4470454,
              54.4781818
            ],
            [
              18.4470089,
              54.4781809
            ],
            [
              18.446995,
              54.4781989
            ],
            [
              18.4470277,
              54.4782211
            ],
            [
              18.4470334,
              54.478239
            ],
            [
              18.4470683,
              54.4782486
            ],
            [
              18.4470917,
              54.4782781
            ],
            [
              18.4470822,
              54.4782945
            ],
            [
              18.4470293,
              54.4783221
            ],
            [
              18.4469847,
              54.4783292
            ],
            [
              18.4469871,
              54.4783506
            ],
            [
              18.4469505,
              54.478399
            ],
            [
              18.446865,
              54.4784446
            ],
            [
              18.4468342,
              54.4785007
            ],
            [
              18.4468164,
              54.4785201
            ],
            [
              18.4468052,
              54.4785804
            ],
            [
              18.4467607,
              54.4785998
            ],
            [
              18.4466911,
              54.4785861
            ],
            [
              18.4466683,
              54.4786087
            ],
            [
              18.4466391,
              54.4786156
            ],
            [
              18.4465943,
              54.4786085
            ],
            [
              18.446572,
              54.4786172
            ],
            [
              18.446567,
              54.4786334
            ],
            [
              18.4465553,
              54.4786441
            ],
            [
              18.4463899,
              54.4786651
            ],
            [
              18.4463627,
              54.4786586
            ],
            [
              18.4462873,
              54.4786095
            ],
            [
              18.4462677,
              54.4786131
            ],
            [
              18.446234,
              54.4786264
            ],
            [
              18.4462083,
              54.4786598
            ],
            [
              18.4460414,
              54.4787462
            ],
            [
              18.4459292,
              54.4787678
            ],
            [
              18.4459101,
              54.4787573
            ],
            [
              18.4458728,
              54.4787712
            ],
            [
              18.4457711,
              54.4787797
            ],
            [
              18.4456586,
              54.47878
            ],
            [
              18.4456332,
              54.478769
            ],
            [
              18.4455771,
              54.478769
            ],
            [
              18.4455264,
              54.478804
            ],
            [
              18.445399,
              54.4788088
            ],
            [
              18.445253,
              54.4788268
            ],
            [
              18.4451969,
              54.478825
            ],
            [
              18.4451816,
              54.4788545
            ],
            [
              18.4451207,
              54.478904
            ],
            [
              18.4451175,
              54.4789212
            ],
            [
              18.4450907,
              54.47895
            ],
            [
              18.4450252,
              54.4789818
            ],
            [
              18.4450085,
              54.4790141
            ],
            [
              18.4447815,
              54.4790699
            ],
            [
              18.4447706,
              54.4790842
            ],
            [
              18.4446644,
              54.479142
            ],
            [
              18.4446448,
              54.4791428
            ],
            [
              18.4446365,
              54.4791664
            ],
            [
              18.4444904,
              54.4792565
            ],
            [
              18.444391,
              54.4792677
            ],
            [
              18.4443653,
              54.4792579
            ],
            [
              18.4442989,
              54.4792738
            ],
            [
              18.4441489,
              54.4793243
            ],
            [
              18.4441187,
              54.4793153
            ],
            [
              18.4440962,
              54.4793783
            ],
            [
              18.4440087,
              54.4793748
            ],
            [
              18.4439036,
              54.4793042
            ],
            [
              18.4438216,
              54.4792858
            ],
            [
              18.4437621,
              54.4792947
            ],
            [
              18.4436951,
              54.4792672
            ],
            [
              18.4436726,
              54.4793059
            ],
            [
              18.4436297,
              54.4793146
            ],
            [
              18.4435709,
              54.4792974
            ],
            [
              18.4435525,
              54.4792986
            ],
            [
              18.4435041,
              54.4793595
            ],
            [
              18.4434805,
              54.4793707
            ],
            [
              18.4434151,
              54.4793773
            ],
            [
              18.4433659,
              54.47937
            ],
            [
              18.4433273,
              54.4793688
            ],
            [
              18.4432932,
              54.4793933
            ],
            [
              18.4431922,
              54.4793939
            ],
            [
              18.4430891,
              54.4793537
            ],
            [
              18.4429589,
              54.4794336
            ],
            [
              18.4427417,
              54.4794005
            ],
            [
              18.442727,
              54.4793909
            ],
            [
              18.4427519,
              54.4792838
            ],
            [
              18.4426166,
              54.4793005
            ],
            [
              18.4425091,
              54.4792369
            ],
            [
              18.4422824,
              54.4791857
            ],
            [
              18.4422059,
              54.479064
            ],
            [
              18.4419911,
              54.4790588
            ],
            [
              18.4419,
              54.4790112
            ],
            [
              18.4417311,
              54.4789592
            ],
            [
              18.4415299,
              54.4789524
            ],
            [
              18.4413328,
              54.478974
            ],
            [
              18.441025,
              54.479007
            ],
            [
              18.4408325,
              54.4790184
            ],
            [
              18.4404595,
              54.4790472
            ],
            [
              18.4403733,
              54.4790526
            ],
            [
              18.4400202,
              54.4789952
            ],
            [
              18.4397791,
              54.4789549
            ],
            [
              18.4392457,
              54.4788756
            ],
            [
              18.4389409,
              54.4788284
            ],
            [
              18.4387079,
              54.4787817
            ],
            [
              18.4384663,
              54.478732
            ],
            [
              18.4383063,
              54.478728
            ],
            [
              18.4379442,
              54.4786568
            ],
            [
              18.4376572,
              54.4786459
            ],
            [
              18.4374565,
              54.478687
            ],
            [
              18.4371863,
              54.4787789
            ],
            [
              18.4371697,
              54.4788414
            ],
            [
              18.4369782,
              54.4788817
            ],
            [
              18.4369489,
              54.4788776
            ],
            [
              18.4369152,
              54.4788244
            ],
            [
              18.4366701,
              54.4788338
            ],
            [
              18.4366166,
              54.4787713
            ],
            [
              18.4365746,
              54.4787657
            ],
            [
              18.4365434,
              54.4787659
            ],
            [
              18.4365377,
              54.478876
            ],
            [
              18.4365193,
              54.4788756
            ],
            [
              18.4362968,
              54.4787765
            ],
            [
              18.4361977,
              54.4787952
            ],
            [
              18.4360059,
              54.4787745
            ],
            [
              18.4358863,
              54.478744
            ],
            [
              18.4356835,
              54.478745
            ],
            [
              18.4355185,
              54.4786532
            ],
            [
              18.4354816,
              54.4784914
            ],
            [
              18.4352101,
              54.4784806
            ],
            [
              18.4351375,
              54.4785322
            ],
            [
              18.43498,
              54.4785218
            ],
            [
              18.4348544,
              54.4784351
            ],
            [
              18.4345552,
              54.4784349
            ],
            [
              18.4344224,
              54.4784408
            ],
            [
              18.4342965,
              54.4784632
            ],
            [
              18.4341113,
              54.4783031
            ],
            [
              18.4339518,
              54.478213
            ],
            [
              18.4340935,
              54.4781204
            ],
            [
              18.4340519,
              54.4780618
            ],
            [
              18.4339673,
              54.4780475
            ],
            [
              18.4337724,
              54.4781537
            ],
            [
              18.4337846,
              54.4782368
            ],
            [
              18.4335315,
              54.4782921
            ],
            [
              18.4335332,
              54.4783806
            ],
            [
              18.4333986,
              54.4783926
            ],
            [
              18.4333024,
              54.4783261
            ],
            [
              18.4330489,
              54.4783255
            ],
            [
              18.4329434,
              54.4782463
            ],
            [
              18.4329279,
              54.4782902
            ],
            [
              18.4328354,
              54.4782816
            ],
            [
              18.4327486,
              54.4782082
            ],
            [
              18.4326011,
              54.4782457
            ],
            [
              18.4322772,
              54.4782188
            ],
            [
              18.4321589,
              54.4782338
            ],
            [
              18.4320652,
              54.4782007
            ],
            [
              18.4319723,
              54.4781965
            ],
            [
              18.4319354,
              54.4781382
            ],
            [
              18.4318327,
              54.4781156
            ],
            [
              18.4317369,
              54.4781315
            ],
            [
              18.4315928,
              54.4779893
            ],
            [
              18.43152,
              54.4780166
            ],
            [
              18.4315085,
              54.4780952
            ],
            [
              18.4314291,
              54.4781247
            ],
            [
              18.4310316,
              54.4781006
            ],
            [
              18.4309827,
              54.4780541
            ],
            [
              18.4309557,
              54.4780492
            ],
            [
              18.4308089,
              54.4780802
            ],
            [
              18.4307421,
              54.4780429
            ],
            [
              18.4306438,
              54.4780611
            ],
            [
              18.4305373,
              54.4779502
            ],
            [
              18.4304518,
              54.477926
            ],
            [
              18.4303551,
              54.4778386
            ],
            [
              18.4302319,
              54.4778816
            ],
            [
              18.4298633,
              54.4779561
            ],
            [
              18.429474,
              54.478004
            ],
            [
              18.4292583,
              54.4780116
            ],
            [
              18.4291473,
              54.4780301
            ],
            [
              18.4289269,
              54.4781263
            ],
            [
              18.4287631,
              54.4781602
            ],
            [
              18.4286974,
              54.4781696
            ],
            [
              18.4285857,
              54.4781055
            ],
            [
              18.4283797,
              54.4780426
            ],
            [
              18.4282077,
              54.4781156
            ],
            [
              18.4280002,
              54.4781319
            ],
            [
              18.4279067,
              54.4781099
            ],
            [
              18.4278271,
              54.4781715
            ],
            [
              18.4275134,
              54.4781882
            ],
            [
              18.427457,
              54.4781643
            ],
            [
              18.4273577,
              54.4781975
            ],
            [
              18.4272551,
              54.4781866
            ],
            [
              18.4272077,
              54.4782002
            ],
            [
              18.4271239,
              54.4782906
            ],
            [
              18.4269549,
              54.4783202
            ],
            [
              18.4268829,
              54.4783078
            ],
            [
              18.4268208,
              54.4783336
            ],
            [
              18.4267333,
              54.4783289
            ],
            [
              18.426675,
              54.4783547
            ],
            [
              18.4263823,
              54.4783964
            ],
            [
              18.4256669,
              54.4786388
            ],
            [
              18.4255812,
              54.478654
            ],
            [
              18.4255055,
              54.4786778
            ],
            [
              18.425476,
              54.4787029
            ],
            [
              18.42548,
              54.4787579
            ],
            [
              18.4255164,
              54.4788273
            ],
            [
              18.4254484,
              54.4789746
            ],
            [
              18.4252935,
              54.4791436
            ],
            [
              18.4249913,
              54.4792639
            ],
            [
              18.4249698,
              54.4793181
            ],
            [
              18.4247634,
              54.4794233
            ],
            [
              18.4247113,
              54.4795413
            ],
            [
              18.4245839,
              54.4796472
            ],
            [
              18.4244648,
              54.4797127
            ],
            [
              18.4242945,
              54.4797485
            ],
            [
              18.4241869,
              54.4797597
            ],
            [
              18.4240229,
              54.4798094
            ],
            [
              18.4239042,
              54.4798466
            ],
            [
              18.4236501,
              54.4798806
            ],
            [
              18.4234258,
              54.4798692
            ],
            [
              18.4231579,
              54.4798368
            ],
            [
              18.4229771,
              54.4799006
            ],
            [
              18.422801,
              54.4798766
            ],
            [
              18.4226476,
              54.4798962
            ],
            [
              18.4225464,
              54.4798716
            ],
            [
              18.4224247,
              54.479825
            ],
            [
              18.4222737,
              54.4798395
            ],
            [
              18.4219749,
              54.4798422
            ],
            [
              18.4217442,
              54.4797823
            ],
            [
              18.4215971,
              54.479728
            ],
            [
              18.421418,
              54.4796283
            ],
            [
              18.4212708,
              54.4794536
            ],
            [
              18.4212889,
              54.4794337
            ],
            [
              18.421231,
              54.4793736
            ],
            [
              18.4211017,
              54.4793218
            ],
            [
              18.4210547,
              54.4791991
            ],
            [
              18.4210264,
              54.4791859
            ],
            [
              18.4208968,
              54.4791984
            ],
            [
              18.4208098,
              54.4791734
            ],
            [
              18.4206577,
              54.4791827
            ],
            [
              18.4205013,
              54.4791958
            ],
            [
              18.4203796,
              54.4791931
            ],
            [
              18.4202678,
              54.4791673
            ],
            [
              18.4199993,
              54.4789956
            ],
            [
              18.4198315,
              54.4790197
            ],
            [
              18.4197767,
              54.4789921
            ],
            [
              18.419741,
              54.4789919
            ],
            [
              18.4195784,
              54.4789431
            ],
            [
              18.4195029,
              54.4789493
            ],
            [
              18.4192274,
              54.4789092
            ],
            [
              18.4191774,
              54.4789187
            ],
            [
              18.419119,
              54.4789737
            ],
            [
              18.4191021,
              54.4790331
            ],
            [
              18.4189927,
              54.4790447
            ],
            [
              18.4188048,
              54.479023
            ],
            [
              18.4187816,
              54.4790229
            ],
            [
              18.4187799,
              54.4790973
            ],
            [
              18.4187532,
              54.4791414
            ],
            [
              18.4186192,
              54.4791667
            ],
            [
              18.4187114,
              54.4791996
            ],
            [
              18.4187599,
              54.4792517
            ],
            [
              18.4187582,
              54.4793752
            ],
            [
              18.4187093,
              54.4794296
            ],
            [
              18.4186004,
              54.4794878
            ],
            [
              18.4186317,
              54.4795402
            ],
            [
              18.4186183,
              54.4795654
            ],
            [
              18.4185251,
              54.479651
            ],
            [
              18.4184974,
              54.4796364
            ],
            [
              18.418491,
              54.479595
            ],
            [
              18.4177647,
              54.4779785
            ],
            [
              18.4177105,
              54.4771208
            ],
            [
              18.4178612,
              54.4758619
            ],
            [
              18.4179447,
              54.4752821
            ],
            [
              18.418068,
              54.4748636
            ],
            [
              18.4182266,
              54.4744531
            ],
            [
              18.4182933,
              54.474122
            ],
            [
              18.4183677,
              54.4740295
            ],
            [
              18.4185335,
              54.4738859
            ],
            [
              18.4189354,
              54.473492
            ],
            [
              18.4191877,
              54.4731838
            ],
            [
              18.419317,
              54.4729639
            ],
            [
              18.4192796,
              54.472791
            ],
            [
              18.4189601,
              54.4720597
            ],
            [
              18.4187762,
              54.471601
            ],
            [
              18.4187072,
              54.4713171
            ],
            [
              18.4187237,
              54.4707782
            ],
            [
              18.4187757,
              54.4700582
            ],
            [
              18.4203585,
              54.4694789
            ],
            [
              18.422022,
              54.4688721
            ],
            [
              18.4252743,
              54.467701
            ],
            [
              18.4261687,
              54.4674181
            ],
            [
              18.4275499,
              54.4669197
            ],
            [
              18.4285216,
              54.4665691
            ],
            [
              18.429098,
              54.4663479
            ],
            [
              18.4302872,
              54.4659373
            ],
            [
              18.4313191,
              54.4655943
            ],
            [
              18.4320311,
              54.4653017
            ],
            [
              18.4322772,
              54.4652535
            ],
            [
              18.4354086,
              54.4641461
            ],
            [
              18.4363167,
              54.4637962
            ],
            [
              18.4367221,
              54.4636413
            ],
            [
              18.4371197,
              54.4634894
            ],
            [
              18.4376693,
              54.4632794
            ],
            [
              18.4377827,
              54.4632361
            ],
            [
              18.4379633,
              54.4630696
            ],
            [
              18.4383628,
              54.4626985
            ],
            [
              18.438511,
              54.4625677
            ],
            [
              18.4386208,
              54.4624708
            ],
            [
              18.4391863,
              54.4619877
            ],
            [
              18.4393825,
              54.4617882
            ],
            [
              18.4400365,
              54.461144
            ],
            [
              18.4402882,
              54.4609039
            ],
            [
              18.4406772,
              54.4605241
            ],
            [
              18.4409922,
              54.4601267
            ],
            [
              18.4410735,
              54.4600523
            ],
            [
              18.4417099,
              54.4594878
            ],
            [
              18.4419222,
              54.4592655
            ],
            [
              18.4422036,
              54.4589831
            ],
            [
              18.442448,
              54.458736
            ],
            [
              18.4426792,
              54.4584996
            ],
            [
              18.4430824,
              54.4581171
            ],
            [
              18.4432125,
              54.4579999
            ],
            [
              18.4440297,
              54.457289
            ],
            [
              18.443576,
              54.4570087
            ],
            [
              18.4432162,
              54.4568246
            ],
            [
              18.4427962,
              54.4566679
            ],
            [
              18.4423715,
              54.4565121
            ],
            [
              18.4419047,
              54.4561763
            ],
            [
              18.4417452,
              54.4560513
            ],
            [
              18.4412631,
              54.4557404
            ],
            [
              18.4411814,
              54.455685
            ],
            [
              18.4410603,
              54.4555649
            ],
            [
              18.4408123,
              54.4552096
            ],
            [
              18.4406628,
              54.4550261
            ],
            [
              18.4405237,
              54.4548756
            ],
            [
              18.440392,
              54.4547434
            ],
            [
              18.4401671,
              54.4545975
            ],
            [
              18.4399719,
              54.4545024
            ],
            [
              18.4399052,
              54.4544628
            ],
            [
              18.4397975,
              54.4543175
            ],
            [
              18.4397986,
              54.4542416
            ],
            [
              18.4398041,
              54.4541562
            ],
            [
              18.4398695,
              54.4538966
            ],
            [
              18.4399228,
              54.4537261
            ],
            [
              18.4399408,
              54.4536053
            ],
            [
              18.4399594,
              54.4534353
            ],
            [
              18.4399527,
              54.4533657
            ],
            [
              18.4399168,
              54.4532921
            ],
            [
              18.439867,
              54.4532084
            ],
            [
              18.4397738,
              54.4531119
            ],
            [
              18.4391629,
              54.4525242
            ],
            [
              18.4397941,
              54.4520776
            ],
            [
              18.4398524,
              54.4521052
            ],
            [
              18.4407024,
              54.4524339
            ],
            [
              18.4566514,
              54.4605081
            ],
            [
              18.458443,
              54.4614356
            ],
            [
              18.4592465,
              54.4618513
            ],
            [
              18.4595031,
              54.4619832
            ],
            [
              18.4597273,
              54.4621167
            ],
            [
              18.4601318,
              54.4623074
            ],
            [
              18.4607243,
              54.4625891
            ],
            [
              18.4608206,
              54.4627457
            ],
            [
              18.4609832,
              54.4628328
            ],
            [
              18.4617943,
              54.463256
            ],
            [
              18.4622179,
              54.4634813
            ],
            [
              18.4624427,
              54.4635875
            ],
            [
              18.4630426,
              54.4638516
            ],
            [
              18.4695578,
              54.4671322
            ],
            [
              18.4699481,
              54.4673195
            ],
            [
              18.4704359,
              54.4675579
            ],
            [
              18.4720284,
              54.4682833
            ],
            [
              18.4726658,
              54.4686699
            ],
            [
              18.4740529,
              54.4693144
            ],
            [
              18.4747152,
              54.4697095
            ],
            [
              18.4749656,
              54.4698598
            ],
            [
              18.4750869,
              54.4698987
            ],
            [
              18.4753141,
              54.4699775
            ],
            [
              18.4750696,
              54.4701519
            ],
            [
              18.4750611,
              54.4701504
            ],
            [
              18.4748776,
              54.4702857
            ],
            [
              18.4748203,
              54.4703135
            ],
            [
              18.4747738,
              54.4703482
            ],
            [
              18.4746387,
              54.4704256
            ],
            [
              18.4744632,
              54.4704925
            ],
            [
              18.4738829,
              54.4710963
            ],
            [
              18.47355,
              54.4714974
            ],
            [
              18.4734941,
              54.4716135
            ],
            [
              18.4730136,
              54.4724339
            ],
            [
              18.4728669,
              54.4725824
            ],
            [
              18.4727528,
              54.4728564
            ],
            [
              18.4726128,
              54.4730989
            ],
            [
              18.4724421,
              54.4733843
            ],
            [
              18.4723941,
              54.473749
            ],
            [
              18.4723443,
              54.4740759
            ],
            [
              18.4723317,
              54.4743421
            ],
            [
              18.4723292,
              54.474537
            ],
            [
              18.4723456,
              54.4748585
            ],
            [
              18.4723914,
              54.4752866
            ],
            [
              18.47255,
              54.475725
            ],
            [
              18.4725596,
              54.4758631
            ],
            [
              18.4724977,
              54.4760627
            ],
            [
              18.4726204,
              54.4768103
            ],
            [
              18.4729907,
              54.4791418
            ],
            [
              18.4731228,
              54.4791537
            ],
            [
              18.4731487,
              54.4791345
            ],
            [
              18.4732175,
              54.4791899
            ],
            [
              18.4731782,
              54.4793654
            ],
            [
              18.473214,
              54.4797836
            ],
            [
              18.4732214,
              54.4798699
            ],
            [
              18.4731712,
              54.480138
            ],
            [
              18.473163,
              54.4804155
            ],
            [
              18.473074,
              54.4808654
            ],
            [
              18.4729993,
              54.4815265
            ],
            [
              18.472856,
              54.4817669
            ],
            [
              18.4727043,
              54.4821195
            ],
            [
              18.4725242,
              54.482466
            ],
            [
              18.4722849,
              54.4831589
            ],
            [
              18.4721658,
              54.4835588
            ],
            [
              18.4717254,
              54.4839215
            ],
            [
              18.4715317,
              54.4841716
            ],
            [
              18.471397,
              54.4845396
            ],
            [
              18.4711476,
              54.4846866
            ],
            [
              18.4708341,
              54.4850252
            ],
            [
              18.470606,
              54.4852035
            ],
            [
              18.4703556,
              54.4852476
            ],
            [
              18.4702914,
              54.4855381
            ],
            [
              18.4702354,
              54.4856375
            ],
            [
              18.4700047,
              54.4858397
            ],
            [
              18.469299,
              54.4861706
            ],
            [
              18.468956,
              54.4864102
            ],
            [
              18.4686964,
              54.4866408
            ],
            [
              18.4683617,
              54.4870959
            ]
          ]
        ]
      },
      "id": "relation/2606790"
    },
    {
      "type": "Feature",
      "properties": {
        "@id": "relation/2606791",
        "admin_level": "9",
        "boundary": "administrative",
        "is_in:city": "Gdynia",
        "is_in:province": "województwo pomorskie",
        "name": "Grabówek",
        "type": "boundary"
      },
      "geometry": {
        "type": "Polygon",
        "coordinates": [
          [
            [
              18.5053398,
              54.5150329
            ],
            [
              18.5065945,
              54.5151915
            ],
            [
              18.506836,
              54.5152272
            ],
            [
              18.5068833,
              54.5152447
            ],
            [
              18.5082867,
              54.5156684
            ],
            [
              18.5086334,
              54.515596
            ],
            [
              18.5088234,
              54.5155049
            ],
            [
              18.509088,
              54.5153003
            ],
            [
              18.5092362,
              54.5152168
            ],
            [
              18.5095671,
              54.5152053
            ],
            [
              18.510106,
              54.5153677
            ],
            [
              18.5101956,
              54.515421
            ],
            [
              18.5104541,
              54.5154255
            ],
            [
              18.5110562,
              54.5152944
            ],
            [
              18.5111926,
              54.5152344
            ],
            [
              18.5116515,
              54.515292
            ],
            [
              18.5117967,
              54.5152622
            ],
            [
              18.5121952,
              54.5155492
            ],
            [
              18.5143473,
              54.5159293
            ],
            [
              18.5148727,
              54.5161168
            ],
            [
              18.5153145,
              54.5163549
            ],
            [
              18.5152347,
              54.5164103
            ],
            [
              18.5153842,
              54.5165843
            ],
            [
              18.5154355,
              54.5168662
            ],
            [
              18.5153766,
              54.5169983
            ],
            [
              18.515337,
              54.5170872
            ],
            [
              18.5150432,
              54.5172011
            ],
            [
              18.5146709,
              54.5172595
            ],
            [
              18.5143397,
              54.5175166
            ],
            [
              18.5143236,
              54.5176053
            ],
            [
              18.5143719,
              54.5177066
            ],
            [
              18.5144776,
              54.5178215
            ],
            [
              18.5146122,
              54.5178855
            ],
            [
              18.515055,
              54.5180403
            ],
            [
              18.5158396,
              54.5183092
            ],
            [
              18.5160294,
              54.5183745
            ],
            [
              18.5163679,
              54.5185327
            ],
            [
              18.517464,
              54.5192008
            ],
            [
              18.5175066,
              54.5192118
            ],
            [
              18.5188184,
              54.5195684
            ],
            [
              18.5187203,
              54.5196528
            ],
            [
              18.5191311,
              54.5197704
            ],
            [
              18.5201121,
              54.5200511
            ],
            [
              18.5203316,
              54.5199103
            ],
            [
              18.5203695,
              54.5199066
            ],
            [
              18.5204915,
              54.5198947
            ],
            [
              18.5206553,
              54.5198698
            ],
            [
              18.5216191,
              54.5197234
            ],
            [
              18.5220178,
              54.5196638
            ],
            [
              18.5240001,
              54.51948
            ],
            [
              18.5241978,
              54.5194908
            ],
            [
              18.5243368,
              54.5195682
            ],
            [
              18.5239398,
              54.5196746
            ],
            [
              18.5233153,
              54.5198297
            ],
            [
              18.5222161,
              54.5201219
            ],
            [
              18.5218428,
              54.5202102
            ],
            [
              18.5222167,
              54.5205694
            ],
            [
              18.5229495,
              54.5203224
            ],
            [
              18.5229939,
              54.5203356
            ],
            [
              18.5234147,
              54.5202312
            ],
            [
              18.5235683,
              54.5203186
            ],
            [
              18.5238542,
              54.5204858
            ],
            [
              18.5238896,
              54.5204564
            ],
            [
              18.5239732,
              54.5205002
            ],
            [
              18.5240262,
              54.5204952
            ],
            [
              18.5241617,
              54.5204351
            ],
            [
              18.5243509,
              54.5205508
            ],
            [
              18.5246182,
              54.5207144
            ],
            [
              18.5247869,
              54.5208697
            ],
            [
              18.5249673,
              54.5208148
            ],
            [
              18.524961,
              54.5208057
            ],
            [
              18.5249549,
              54.5207958
            ],
            [
              18.5251236,
              54.5207471
            ],
            [
              18.5251825,
              54.520802
            ],
            [
              18.5252142,
              54.5208253
            ],
            [
              18.5259603,
              54.5205419
            ],
            [
              18.5261901,
              54.5207351
            ],
            [
              18.5262926,
              54.5207129
            ],
            [
              18.5263553,
              54.5207136
            ],
            [
              18.5265004,
              54.5208581
            ],
            [
              18.5264748,
              54.5209854
            ],
            [
              18.5266841,
              54.5211601
            ],
            [
              18.525905,
              54.5214436
            ],
            [
              18.5259169,
              54.5217075
            ],
            [
              18.5259488,
              54.5223255
            ],
            [
              18.5259391,
              54.5223894
            ],
            [
              18.5259418,
              54.5226866
            ],
            [
              18.5264376,
              54.5227984
            ],
            [
              18.5261023,
              54.5229741
            ],
            [
              18.524967,
              54.5234286
            ],
            [
              18.5250383,
              54.5234795
            ],
            [
              18.5246586,
              54.5236198
            ],
            [
              18.5232758,
              54.5241307
            ],
            [
              18.5228573,
              54.5242883
            ],
            [
              18.5222574,
              54.5244772
            ],
            [
              18.5214828,
              54.5246541
            ],
            [
              18.5213337,
              54.5246959
            ],
            [
              18.5211025,
              54.5247804
            ],
            [
              18.5197966,
              54.5253941
            ],
            [
              18.5191152,
              54.5257163
            ],
            [
              18.5190587,
              54.5257314
            ],
            [
              18.5188123,
              54.5258347
            ],
            [
              18.5186771,
              54.5259691
            ],
            [
              18.5185094,
              54.5263994
            ],
            [
              18.5184496,
              54.5264212
            ],
            [
              18.5176461,
              54.5267138
            ],
            [
              18.517292,
              54.5268455
            ],
            [
              18.5169304,
              54.5269908
            ],
            [
              18.5166369,
              54.5270911
            ],
            [
              18.516135,
              54.5272765
            ],
            [
              18.5155309,
              54.5275142
            ],
            [
              18.5150661,
              54.5277293
            ],
            [
              18.514592,
              54.5279758
            ],
            [
              18.5140251,
              54.5283422
            ],
            [
              18.5138158,
              54.5284978
            ],
            [
              18.5134177,
              54.5288291
            ],
            [
              18.5134087,
              54.5288366
            ],
            [
              18.5132441,
              54.5290446
            ],
            [
              18.5132324,
              54.529059
            ],
            [
              18.51301,
              54.5292909
            ],
            [
              18.5128354,
              54.5294722
            ],
            [
              18.5127249,
              54.5295918
            ],
            [
              18.5126668,
              54.529657
            ],
            [
              18.5124805,
              54.5298641
            ],
            [
              18.511488,
              54.5305329
            ],
            [
              18.5108302,
              54.5309955
            ],
            [
              18.510638,
              54.5310752
            ],
            [
              18.5101664,
              54.5314087
            ],
            [
              18.5100649,
              54.5315136
            ],
            [
              18.5085791,
              54.5325465
            ],
            [
              18.5063382,
              54.5341063
            ],
            [
              18.5022201,
              54.5368565
            ],
            [
              18.4994153,
              54.5341872
            ],
            [
              18.4990091,
              54.5338006
            ],
            [
              18.4992463,
              54.533757
            ],
            [
              18.4992162,
              54.5337492
            ],
            [
              18.4991981,
              54.5337167
            ],
            [
              18.49917,
              54.5336582
            ],
            [
              18.4990847,
              54.5335848
            ],
            [
              18.4988987,
              54.5336643
            ],
            [
              18.4984192,
              54.533187
            ],
            [
              18.4983823,
              54.533144
            ],
            [
              18.4982324,
              54.5329845
            ],
            [
              18.4980894,
              54.5328287
            ],
            [
              18.4979003,
              54.5326213
            ],
            [
              18.4978634,
              54.5325809
            ],
            [
              18.4977109,
              54.5324137
            ],
            [
              18.4975797,
              54.5322727
            ],
            [
              18.4974464,
              54.5321127
            ],
            [
              18.4972237,
              54.5318545
            ],
            [
              18.4969149,
              54.5316526
            ],
            [
              18.4966477,
              54.5314097
            ],
            [
              18.4965083,
              54.5311992
            ],
            [
              18.4964514,
              54.5310849
            ],
            [
              18.4965376,
              54.5310598
            ],
            [
              18.4963567,
              54.5308522
            ],
            [
              18.4963414,
              54.5308346
            ],
            [
              18.4962426,
              54.5307216
            ],
            [
              18.4957967,
              54.5302117
            ],
            [
              18.4959062,
              54.5301839
            ],
            [
              18.495914,
              54.5301945
            ],
            [
              18.4959765,
              54.5301781
            ],
            [
              18.4960038,
              54.5301712
            ],
            [
              18.4962508,
              54.530114
            ],
            [
              18.4962612,
              54.5300809
            ],
            [
              18.4962799,
              54.5300505
            ],
            [
              18.4964246,
              54.5298525
            ],
            [
              18.4968419,
              54.529758
            ],
            [
              18.4970107,
              54.5297202
            ],
            [
              18.4969838,
              54.5296668
            ],
            [
              18.4969224,
              54.529626
            ],
            [
              18.4968252,
              54.5295595
            ],
            [
              18.4966776,
              54.5294625
            ],
            [
              18.4965502,
              54.5293739
            ],
            [
              18.4965429,
              54.5293541
            ],
            [
              18.4965162,
              54.5293365
            ],
            [
              18.4964857,
              54.5293561
            ],
            [
              18.4961904,
              54.5291575
            ],
            [
              18.496162,
              54.5291362
            ],
            [
              18.4949995,
              54.5283292
            ],
            [
              18.4950132,
              54.5283244
            ],
            [
              18.4941852,
              54.5275541
            ],
            [
              18.4947097,
              54.5275049
            ],
            [
              18.4948797,
              54.5274899
            ],
            [
              18.4954071,
              54.5274396
            ],
            [
              18.495948,
              54.5273886
            ],
            [
              18.4959511,
              54.5273508
            ],
            [
              18.4958935,
              54.5271297
            ],
            [
              18.4958668,
              54.5271326
            ],
            [
              18.4956965,
              54.5269678
            ],
            [
              18.4950768,
              54.5267177
            ],
            [
              18.4949988,
              54.5266117
            ],
            [
              18.4949298,
              54.5265179
            ],
            [
              18.4952156,
              54.5264946
            ],
            [
              18.4956924,
              54.5264506
            ],
            [
              18.4960785,
              54.5264326
            ],
            [
              18.4952351,
              54.5260275
            ],
            [
              18.4937526,
              54.5253006
            ],
            [
              18.4933441,
              54.5251003
            ],
            [
              18.4928399,
              54.524853
            ],
            [
              18.4926152,
              54.524756
            ],
            [
              18.4916983,
              54.5243428
            ],
            [
              18.4915047,
              54.524255
            ],
            [
              18.4909744,
              54.5240147
            ],
            [
              18.4909082,
              54.5239815
            ],
            [
              18.4904115,
              54.5237641
            ],
            [
              18.490287,
              54.5237551
            ],
            [
              18.4899914,
              54.5237477
            ],
            [
              18.4856732,
              54.5235912
            ],
            [
              18.4849831,
              54.5239417
            ],
            [
              18.4844087,
              54.5242243
            ],
            [
              18.4839773,
              54.5244364
            ],
            [
              18.4825405,
              54.5232049
            ],
            [
              18.4827293,
              54.5226602
            ],
            [
              18.4837984,
              54.5219618
            ],
            [
              18.4839097,
              54.5194225
            ],
            [
              18.4833568,
              54.519207
            ],
            [
              18.4825623,
              54.5178957
            ],
            [
              18.4817608,
              54.5168244
            ],
            [
              18.4788951,
              54.5161054
            ],
            [
              18.4780209,
              54.5154428
            ],
            [
              18.4794,
              54.51303
            ],
            [
              18.4798324,
              54.512604
            ],
            [
              18.4800895,
              54.5124766
            ],
            [
              18.4801044,
              54.5124315
            ],
            [
              18.4801538,
              54.5124439
            ],
            [
              18.4802441,
              54.5124134
            ],
            [
              18.4807734,
              54.5122658
            ],
            [
              18.4825763,
              54.5117698
            ],
            [
              18.4843873,
              54.511441
            ],
            [
              18.4848207,
              54.5112787
            ],
            [
              18.485563,
              54.5109251
            ],
            [
              18.4864614,
              54.5101797
            ],
            [
              18.4876735,
              54.5095247
            ],
            [
              18.4881849,
              54.5089941
            ],
            [
              18.4885764,
              54.5086241
            ],
            [
              18.4909644,
              54.5095428
            ],
            [
              18.4913395,
              54.5097008
            ],
            [
              18.4940439,
              54.5107498
            ],
            [
              18.4941652,
              54.5110238
            ],
            [
              18.4944278,
              54.5117724
            ],
            [
              18.4945883,
              54.5120127
            ],
            [
              18.4947598,
              54.5122013
            ],
            [
              18.4951145,
              54.5124395
            ],
            [
              18.495474,
              54.5127918
            ],
            [
              18.4957963,
              54.5130156
            ],
            [
              18.4961671,
              54.51328
            ],
            [
              18.4969435,
              54.5133058
            ],
            [
              18.4978436,
              54.5133348
            ],
            [
              18.4993044,
              54.5133558
            ],
            [
              18.4994843,
              54.5133559
            ],
            [
              18.4997119,
              54.5133829
            ],
            [
              18.5000353,
              54.5134951
            ],
            [
              18.5003673,
              54.5136979
            ],
            [
              18.5009077,
              54.5139213
            ],
            [
              18.5016427,
              54.5139937
            ],
            [
              18.502324,
              54.5141025
            ],
            [
              18.5029237,
              54.5140864
            ],
            [
              18.5031846,
              54.5141785
            ],
            [
              18.5033883,
              54.5143293
            ],
            [
              18.5036178,
              54.5144598
            ],
            [
              18.5038886,
              54.514529
            ],
            [
              18.5044386,
              54.5144867
            ],
            [
              18.5045561,
              54.5145448
            ],
            [
              18.5047239,
              54.5148268
            ],
            [
              18.5050612,
              54.5149799
            ],
            [
              18.5053398,
              54.5150329
            ]
          ]
        ]
      },
      "id": "relation/2606791"
    },
    {
      "type": "Feature",
      "properties": {
        "@id": "relation/2606792",
        "admin_level": "9",
        "boundary": "administrative",
        "is_in:city": "Gdynia",
        "is_in:province": "województwo pomorskie",
        "name": "Kamienna Góra",
        "type": "boundary"
      },
      "geometry": {
        "type": "Polygon",
        "coordinates": [
          [
            [
              18.5544599,
              54.5079261
            ],
            [
              18.5541841,
              54.5083345
            ],
            [
              18.5538538,
              54.5088255
            ],
            [
              18.5533289,
              54.5096007
            ],
            [
              18.5530526,
              54.5100164
            ],
            [
              18.5527796,
              54.5104137
            ],
            [
              18.5522841,
              54.511166
            ],
            [
              18.5517752,
              54.5119124
            ],
            [
              18.5513806,
              54.5124973
            ],
            [
              18.5512821,
              54.5127201
            ],
            [
              18.5512394,
              54.5129039
            ],
            [
              18.5511579,
              54.5132351
            ],
            [
              18.5511183,
              54.5134073
            ],
            [
              18.5511059,
              54.5135341
            ],
            [
              18.5510866,
              54.5138819
            ],
            [
              18.551101,
              54.5143406
            ],
            [
              18.5511325,
              54.5147971
            ],
            [
              18.5512,
              54.51525
            ],
            [
              18.5512059,
              54.5155092
            ],
            [
              18.5513309,
              54.5157683
            ],
            [
              18.5496267,
              54.5158583
            ],
            [
              18.548508,
              54.5159239
            ],
            [
              18.5484181,
              54.5161895
            ],
            [
              18.5469929,
              54.5162721
            ],
            [
              18.5469179,
              54.5160197
            ],
            [
              18.5461888,
              54.5160627
            ],
            [
              18.5458076,
              54.5160642
            ],
            [
              18.5457532,
              54.5160514
            ],
            [
              18.5457329,
              54.5160529
            ],
            [
              18.5454859,
              54.5160716
            ],
            [
              18.5448345,
              54.5161385
            ],
            [
              18.5443039,
              54.5162354
            ],
            [
              18.5438236,
              54.5163489
            ],
            [
              18.5433111,
              54.5163893
            ],
            [
              18.5428082,
              54.5163598
            ],
            [
              18.5424397,
              54.5162074
            ],
            [
              18.5424335,
              54.5162039
            ],
            [
              18.5422422,
              54.5160946
            ],
            [
              18.5420821,
              54.5159517
            ],
            [
              18.5420493,
              54.5159101
            ],
            [
              18.5420163,
              54.5158682
            ],
            [
              18.5419748,
              54.5158156
            ],
            [
              18.5419218,
              54.5156843
            ],
            [
              18.5421336,
              54.5145189
            ],
            [
              18.5421067,
              54.5138835
            ],
            [
              18.5420046,
              54.5133698
            ],
            [
              18.5410162,
              54.5134831
            ],
            [
              18.5405213,
              54.5121376
            ],
            [
              18.540457,
              54.5121464
            ],
            [
              18.5401639,
              54.5114358
            ],
            [
              18.5401638,
              54.5113567
            ],
            [
              18.540146,
              54.5113176
            ],
            [
              18.5401969,
              54.5113122
            ],
            [
              18.540114,
              54.511091
            ],
            [
              18.5401073,
              54.511071
            ],
            [
              18.5400846,
              54.5110884
            ],
            [
              18.539664,
              54.5100243
            ],
            [
              18.5397688,
              54.51001
            ],
            [
              18.5396987,
              54.5098392
            ],
            [
              18.5396254,
              54.5098498
            ],
            [
              18.539317,
              54.5090795
            ],
            [
              18.5394091,
              54.5090653
            ],
            [
              18.53942,
              54.5090949
            ],
            [
              18.5475647,
              54.5078959
            ],
            [
              18.5493965,
              54.5076321
            ],
            [
              18.5494804,
              54.5078239
            ],
            [
              18.54949,
              54.5078458
            ],
            [
              18.5495369,
              54.507847
            ],
            [
              18.5500521,
              54.5078602
            ],
            [
              18.5518976,
              54.5079076
            ],
            [
              18.5532183,
              54.5079102
            ],
            [
              18.5534259,
              54.5079106
            ],
            [
              18.5544599,
              54.5079261
            ]
          ]
        ]
      },
      "id": "relation/2606792"
    },
    {
      "type": "Feature",
      "properties": {
        "@id": "relation/2606793",
        "admin_level": "9",
        "boundary": "administrative",
        "name": "Karwiny",
        "name:lt": "Karvinis",
        "name:pl": "Karwiny",
        "population": "10121",
        "population:date": "2019",
        "source:population": "http://stat.gov.pl/obszary-tematyczne/ludnosc/ludnosc/ludnosc-stan-i-struktura-ludnosci-oraz-ruch-naturalny-w-przekroju-terytorialnym-w-2013-r-stan-w-dniu-31-xii,6,12.html",
        "teryt:rm": "99",
        "teryt:simc": "1061370",
        "teryt:stan_na": "2009-01-01",
        "teryt:sympod": "0934100",
        "type": "boundary",
        "wikidata": "Q11736647",
        "wikipedia": "pl:Karwiny"
      },
      "geometry": {
        "type": "Polygon",
        "coordinates": [
          [
            [
              18.4896891,
              54.4881834
            ],
            [
              18.4891858,
              54.4881724
            ],
            [
              18.4890424,
              54.4882206
            ],
            [
              18.4887799,
              54.4881941
            ],
            [
              18.4885575,
              54.488224
            ],
            [
              18.488403,
              54.4881972
            ],
            [
              18.4879915,
              54.4881834
            ],
            [
              18.4878004,
              54.4882876
            ],
            [
              18.4873918,
              54.4883694
            ],
            [
              18.487306,
              54.4884182
            ],
            [
              18.487145,
              54.4885834
            ],
            [
              18.4870764,
              54.4885972
            ],
            [
              18.4870548,
              54.4886697
            ],
            [
              18.4868979,
              54.4887221
            ],
            [
              18.4862265,
              54.4888481
            ],
            [
              18.4860011,
              54.4888518
            ],
            [
              18.4855425,
              54.4889026
            ],
            [
              18.4854704,
              54.4888824
            ],
            [
              18.4853358,
              54.4889173
            ],
            [
              18.4852812,
              54.4888894
            ],
            [
              18.4850065,
              54.4889784
            ],
            [
              18.4848767,
              54.4890672
            ],
            [
              18.4847734,
              54.4891725
            ],
            [
              18.4847423,
              54.4892505
            ],
            [
              18.4849435,
              54.4893481
            ],
            [
              18.4848126,
              54.489681
            ],
            [
              18.4846289,
              54.4897356
            ],
            [
              18.4842787,
              54.4899105
            ],
            [
              18.4842241,
              54.4899833
            ],
            [
              18.4841071,
              54.4900113
            ],
            [
              18.4840492,
              54.490134
            ],
            [
              18.483717,
              54.4902122
            ],
            [
              18.4836047,
              54.4902918
            ],
            [
              18.4835321,
              54.4903036
            ],
            [
              18.4829183,
              54.4903294
            ],
            [
              18.4826246,
              54.4902201
            ],
            [
              18.4822914,
              54.4901609
            ],
            [
              18.4821968,
              54.4901687
            ],
            [
              18.4821635,
              54.4902029
            ],
            [
              18.481857,
              54.4903714
            ],
            [
              18.4814581,
              54.4904134
            ],
            [
              18.4812561,
              54.4903774
            ],
            [
              18.4810593,
              54.4904519
            ],
            [
              18.4809578,
              54.4905279
            ],
            [
              18.4809321,
              54.4906492
            ],
            [
              18.4807752,
              54.4907067
            ],
            [
              18.4807025,
              54.4907767
            ],
            [
              18.4808076,
              54.490897
            ],
            [
              18.4808453,
              54.4909963
            ],
            [
              18.4807197,
              54.4910644
            ],
            [
              18.4806277,
              54.4911281
            ],
            [
              18.4807014,
              54.4912388
            ],
            [
              18.4806686,
              54.4912879
            ],
            [
              18.4806382,
              54.4913057
            ],
            [
              18.4805601,
              54.4913824
            ],
            [
              18.4805873,
              54.4914129
            ],
            [
              18.4805194,
              54.491453
            ],
            [
              18.4802205,
              54.4915041
            ],
            [
              18.4800539,
              54.4915129
            ],
            [
              18.4798855,
              54.4914211
            ],
            [
              18.4797691,
              54.4914189
            ],
            [
              18.4794907,
              54.4915396
            ],
            [
              18.4792053,
              54.4914129
            ],
            [
              18.4788672,
              54.4913282
            ],
            [
              18.4784857,
              54.4912885
            ],
            [
              18.4784038,
              54.4912982
            ],
            [
              18.4781333,
              54.4913654
            ],
            [
              18.4777037,
              54.491335
            ],
            [
              18.4775498,
              54.4913843
            ],
            [
              18.4772323,
              54.4913687
            ],
            [
              18.4769174,
              54.4914767
            ],
            [
              18.4767248,
              54.4915954
            ],
            [
              18.4762646,
              54.4915572
            ],
            [
              18.4761592,
              54.4915698
            ],
            [
              18.4761169,
              54.4916047
            ],
            [
              18.4758983,
              54.4916097
            ],
            [
              18.4755506,
              54.4915576
            ],
            [
              18.475379,
              54.4915563
            ],
            [
              18.4753262,
              54.4916131
            ],
            [
              18.4752298,
              54.4916383
            ],
            [
              18.4750342,
              54.491597
            ],
            [
              18.4746091,
              54.4916154
            ],
            [
              18.4744931,
              54.4916607
            ],
            [
              18.4742055,
              54.4917004
            ],
            [
              18.4738948,
              54.4917134
            ],
            [
              18.4736579,
              54.4918772
            ],
            [
              18.4734209,
              54.4920326
            ],
            [
              18.4732246,
              54.4920005
            ],
            [
              18.4731021,
              54.492006
            ],
            [
              18.4729657,
              54.4919603
            ],
            [
              18.4726397,
              54.4919706
            ],
            [
              18.4725725,
              54.4919385
            ],
            [
              18.472576,
              54.4918851
            ],
            [
              18.4722236,
              54.4917765
            ],
            [
              18.472194,
              54.4917325
            ],
            [
              18.471937,
              54.4917235
            ],
            [
              18.4718397,
              54.4916762
            ],
            [
              18.4717616,
              54.4916684
            ],
            [
              18.4716652,
              54.4916918
            ],
            [
              18.4711149,
              54.4915351
            ],
            [
              18.4709937,
              54.4915268
            ],
            [
              18.4707713,
              54.4914819
            ],
            [
              18.4706264,
              54.4915366
            ],
            [
              18.4705103,
              54.491525
            ],
            [
              18.4703204,
              54.4916009
            ],
            [
              18.4698861,
              54.4915105
            ],
            [
              18.469828,
              54.4914263
            ],
            [
              18.4697192,
              54.4914099
            ],
            [
              18.4696058,
              54.4914882
            ],
            [
              18.469507,
              54.491478
            ],
            [
              18.4694017,
              54.4913685
            ],
            [
              18.4692576,
              54.4913552
            ],
            [
              18.4692051,
              54.4913152
            ],
            [
              18.4691487,
              54.4913479
            ],
            [
              18.4689948,
              54.4913189
            ],
            [
              18.4687313,
              54.4911671
            ],
            [
              18.4685719,
              54.4911315
            ],
            [
              18.4683589,
              54.4910493
            ],
            [
              18.4682059,
              54.4909523
            ],
            [
              18.468076,
              54.4909686
            ],
            [
              18.4678431,
              54.4910841
            ],
            [
              18.4676418,
              54.4910887
            ],
            [
              18.4674409,
              54.4911113
            ],
            [
              18.4673639,
              54.4911853
            ],
            [
              18.4671343,
              54.4911961
            ],
            [
              18.4670625,
              54.4911321
            ],
            [
              18.4671236,
              54.4911151
            ],
            [
              18.4671194,
              54.4910705
            ],
            [
              18.4670674,
              54.4910722
            ],
            [
              18.4668809,
              54.4911439
            ],
            [
              18.4667495,
              54.4910249
            ],
            [
              18.4666813,
              54.4910194
            ],
            [
              18.4664656,
              54.4911018
            ],
            [
              18.4661749,
              54.4909345
            ],
            [
              18.4658383,
              54.4908589
            ],
            [
              18.4654854,
              54.4909217
            ],
            [
              18.4653553,
              54.490694
            ],
            [
              18.4649818,
              54.4907041
            ],
            [
              18.4649389,
              54.4905611
            ],
            [
              18.4647238,
              54.4906021
            ],
            [
              18.4648176,
              54.4900088
            ],
            [
              18.4649158,
              54.4898976
            ],
            [
              18.4649008,
              54.4898432
            ],
            [
              18.4649888,
              54.4897785
            ],
            [
              18.4651158,
              54.489687
            ],
            [
              18.4653159,
              54.4894292
            ],
            [
              18.4654989,
              54.4892167
            ],
            [
              18.4655858,
              54.4891328
            ],
            [
              18.4663636,
              54.4885695
            ],
            [
              18.4665309,
              54.4884716
            ],
            [
              18.4666592,
              54.4888591
            ],
            [
              18.4667508,
              54.4888575
            ],
            [
              18.4667349,
              54.4883654
            ],
            [
              18.4667477,
              54.4882647
            ],
            [
              18.4669511,
              54.4881355
            ],
            [
              18.467103,
              54.4881029
            ],
            [
              18.4675118,
              54.4877826
            ],
            [
              18.4677348,
              54.4876531
            ],
            [
              18.4683617,
              54.4870959
            ],
            [
              18.4686964,
              54.4866408
            ],
            [
              18.468956,
              54.4864102
            ],
            [
              18.469299,
              54.4861706
            ],
            [
              18.4700047,
              54.4858397
            ],
            [
              18.4702354,
              54.4856375
            ],
            [
              18.4702914,
              54.4855381
            ],
            [
              18.4703556,
              54.4852476
            ],
            [
              18.470606,
              54.4852035
            ],
            [
              18.4708341,
              54.4850252
            ],
            [
              18.4711476,
              54.4846866
            ],
            [
              18.471397,
              54.4845396
            ],
            [
              18.4715317,
              54.4841716
            ],
            [
              18.4717254,
              54.4839215
            ],
            [
              18.4721658,
              54.4835588
            ],
            [
              18.4722849,
              54.4831589
            ],
            [
              18.4725242,
              54.482466
            ],
            [
              18.4727043,
              54.4821195
            ],
            [
              18.472856,
              54.4817669
            ],
            [
              18.4729993,
              54.4815265
            ],
            [
              18.473074,
              54.4808654
            ],
            [
              18.473163,
              54.4804155
            ],
            [
              18.4731712,
              54.480138
            ],
            [
              18.4732214,
              54.4798699
            ],
            [
              18.473214,
              54.4797836
            ],
            [
              18.4731782,
              54.4793654
            ],
            [
              18.4732175,
              54.4791899
            ],
            [
              18.4731487,
              54.4791345
            ],
            [
              18.4731228,
              54.4791537
            ],
            [
              18.4729907,
              54.4791418
            ],
            [
              18.4726204,
              54.4768103
            ],
            [
              18.4724977,
              54.4760627
            ],
            [
              18.4725596,
              54.4758631
            ],
            [
              18.47255,
              54.475725
            ],
            [
              18.4723914,
              54.4752866
            ],
            [
              18.4723456,
              54.4748585
            ],
            [
              18.4723292,
              54.474537
            ],
            [
              18.4723317,
              54.4743421
            ],
            [
              18.4723443,
              54.4740759
            ],
            [
              18.4723941,
              54.473749
            ],
            [
              18.4724421,
              54.4733843
            ],
            [
              18.4726128,
              54.4730989
            ],
            [
              18.4727528,
              54.4728564
            ],
            [
              18.4728669,
              54.4725824
            ],
            [
              18.4730136,
              54.4724339
            ],
            [
              18.4734941,
              54.4716135
            ],
            [
              18.47355,
              54.4714974
            ],
            [
              18.4738829,
              54.4710963
            ],
            [
              18.4744632,
              54.4704925
            ],
            [
              18.4746387,
              54.4704256
            ],
            [
              18.4747738,
              54.4703482
            ],
            [
              18.4748203,
              54.4703135
            ],
            [
              18.4748776,
              54.4702857
            ],
            [
              18.4750611,
              54.4701504
            ],
            [
              18.4750696,
              54.4701519
            ],
            [
              18.4753141,
              54.4699775
            ],
            [
              18.4777482,
              54.471194
            ],
            [
              18.4782109,
              54.4714253
            ],
            [
              18.4785675,
              54.4716072
            ],
            [
              18.4787619,
              54.4717092
            ],
            [
              18.4789187,
              54.471771
            ],
            [
              18.4791417,
              54.4718364
            ],
            [
              18.4794794,
              54.4719302
            ],
            [
              18.479769,
              54.4719847
            ],
            [
              18.4801665,
              54.4720401
            ],
            [
              18.480518,
              54.4720737
            ],
            [
              18.4805626,
              54.472078
            ],
            [
              18.481096,
              54.4720979
            ],
            [
              18.4814306,
              54.4720889
            ],
            [
              18.4820216,
              54.4720414
            ],
            [
              18.482594,
              54.4719095
            ],
            [
              18.4828685,
              54.4718596
            ],
            [
              18.4837067,
              54.4716309
            ],
            [
              18.4840444,
              54.4714735
            ],
            [
              18.4843909,
              54.4713616
            ],
            [
              18.4846711,
              54.4713037
            ],
            [
              18.4849734,
              54.4712524
            ],
            [
              18.4854593,
              54.4712138
            ],
            [
              18.4859943,
              54.4711927
            ],
            [
              18.4861556,
              54.4712016
            ],
            [
              18.4866949,
              54.4711895
            ],
            [
              18.4873857,
              54.4711748
            ],
            [
              18.4882778,
              54.4711561
            ],
            [
              18.4890554,
              54.4711226
            ],
            [
              18.4893406,
              54.4711109
            ],
            [
              18.4895244,
              54.4710976
            ],
            [
              18.4897569,
              54.4710939
            ],
            [
              18.490102,
              54.4710864
            ],
            [
              18.4904672,
              54.4711023
            ],
            [
              18.4910374,
              54.4710896
            ],
            [
              18.4911106,
              54.4711502
            ],
            [
              18.4918424,
              54.4710703
            ],
            [
              18.4925491,
              54.4709144
            ],
            [
              18.4934061,
              54.4707124
            ],
            [
              18.4935019,
              54.4708154
            ],
            [
              18.4944448,
              54.4705662
            ],
            [
              18.4947317,
              54.4705145
            ],
            [
              18.4947264,
              54.470486
            ],
            [
              18.4949718,
              54.4704467
            ],
            [
              18.4951427,
              54.4704233
            ],
            [
              18.495445,
              54.4704275
            ],
            [
              18.4957872,
              54.4704033
            ],
            [
              18.4959065,
              54.470402
            ],
            [
              18.4965577,
              54.4703943
            ],
            [
              18.4967865,
              54.4702879
            ],
            [
              18.496963,
              54.4702681
            ],
            [
              18.4970906,
              54.4702093
            ],
            [
              18.4972702,
              54.4701236
            ],
            [
              18.4974766,
              54.4700794
            ],
            [
              18.4976895,
              54.4700133
            ],
            [
              18.4982699,
              54.4698695
            ],
            [
              18.4982522,
              54.4698493
            ],
            [
              18.4985155,
              54.4698086
            ],
            [
              18.4985199,
              54.4697985
            ],
            [
              18.4985781,
              54.4697977
            ],
            [
              18.4992609,
              54.4697274
            ],
            [
              18.5001139,
              54.4696442
            ],
            [
              18.5015729,
              54.4694961
            ],
            [
              18.5030052,
              54.4693568
            ],
            [
              18.5061934,
              54.4690174
            ],
            [
              18.5069303,
              54.4689453
            ],
            [
              18.5075105,
              54.4688396
            ],
            [
              18.5076675,
              54.4689189
            ],
            [
              18.5080792,
              54.4688446
            ],
            [
              18.5081344,
              54.4690162
            ],
            [
              18.508268,
              54.4693616
            ],
            [
              18.5083405,
              54.4695959
            ],
            [
              18.5083789,
              54.4698283
            ],
            [
              18.5083774,
              54.4701279
            ],
            [
              18.5083466,
              54.4704094
            ],
            [
              18.5083349,
              54.4704937
            ],
            [
              18.5082819,
              54.47071
            ],
            [
              18.5082591,
              54.4707797
            ],
            [
              18.5081917,
              54.4709948
            ],
            [
              18.5080728,
              54.4712492
            ],
            [
              18.5079758,
              54.471437
            ],
            [
              18.5078104,
              54.4717054
            ],
            [
              18.5077612,
              54.4717916
            ],
            [
              18.5076734,
              54.4719187
            ],
            [
              18.5075219,
              54.4720988
            ],
            [
              18.5072917,
              54.4722418
            ],
            [
              18.5072243,
              54.4723844
            ],
            [
              18.5069202,
              54.4726197
            ],
            [
              18.5062308,
              54.4730909
            ],
            [
              18.5063371,
              54.4730846
            ],
            [
              18.5059101,
              54.4733165
            ],
            [
              18.5058832,
              54.4733013
            ],
            [
              18.505158,
              54.4736272
            ],
            [
              18.5051752,
              54.4736443
            ],
            [
              18.5039923,
              54.4740449
            ],
            [
              18.5031986,
              54.4744207
            ],
            [
              18.5032166,
              54.4744461
            ],
            [
              18.5030547,
              54.474523
            ],
            [
              18.5026888,
              54.4746298
            ],
            [
              18.5025116,
              54.4746649
            ],
            [
              18.5014924,
              54.4749198
            ],
            [
              18.5009883,
              54.4750579
            ],
            [
              18.5006174,
              54.4750875
            ],
            [
              18.5006475,
              54.4751324
            ],
            [
              18.4999082,
              54.4753326
            ],
            [
              18.4998328,
              54.4751849
            ],
            [
              18.4995173,
              54.4752985
            ],
            [
              18.4993006,
              54.4753299
            ],
            [
              18.49881,
              54.4755925
            ],
            [
              18.4979714,
              54.4758906
            ],
            [
              18.4979145,
              54.4759108
            ],
            [
              18.4978107,
              54.4758244
            ],
            [
              18.4976139,
              54.4759636
            ],
            [
              18.4973389,
              54.4761315
            ],
            [
              18.4969664,
              54.4763217
            ],
            [
              18.4966135,
              54.4764884
            ],
            [
              18.4963865,
              54.4766892
            ],
            [
              18.4962422,
              54.4769111
            ],
            [
              18.4960064,
              54.4770821
            ],
            [
              18.4959088,
              54.4770803
            ],
            [
              18.4956092,
              54.4774165
            ],
            [
              18.4952181,
              54.4778078
            ],
            [
              18.4947136,
              54.478308
            ],
            [
              18.4944626,
              54.4785117
            ],
            [
              18.4941973,
              54.478725
            ],
            [
              18.49373,
              54.479026
            ],
            [
              18.4932714,
              54.4792565
            ],
            [
              18.4927868,
              54.4794974
            ],
            [
              18.492185,
              54.4797438
            ],
            [
              18.4918596,
              54.4799247
            ],
            [
              18.4915858,
              54.4800652
            ],
            [
              18.4913777,
              54.480078
            ],
            [
              18.4909235,
              54.4802551
            ],
            [
              18.490961,
              54.4803594
            ],
            [
              18.4901598,
              54.4808014
            ],
            [
              18.4897613,
              54.4810584
            ],
            [
              18.4894596,
              54.4812956
            ],
            [
              18.4892873,
              54.4814674
            ],
            [
              18.4891458,
              54.4816497
            ],
            [
              18.4888047,
              54.4822404
            ],
            [
              18.4886583,
              54.4824968
            ],
            [
              18.4885297,
              54.4827984
            ],
            [
              18.4884514,
              54.482971
            ],
            [
              18.4883495,
              54.4835497
            ],
            [
              18.4883751,
              54.4837089
            ],
            [
              18.4882603,
              54.4839624
            ],
            [
              18.4881318,
              54.4841501
            ],
            [
              18.4881718,
              54.4845244
            ],
            [
              18.4883481,
              54.4848242
            ],
            [
              18.4886189,
              54.4852324
            ],
            [
              18.4888512,
              54.4857826
            ],
            [
              18.4889737,
              54.4860777
            ],
            [
              18.4891825,
              54.4863984
            ],
            [
              18.489414,
              54.4868063
            ],
            [
              18.4896294,
              54.4871255
            ],
            [
              18.4897443,
              54.4872937
            ],
            [
              18.4896882,
              54.487309
            ],
            [
              18.4899889,
              54.487728
            ],
            [
              18.4900656,
              54.4880291
            ],
            [
              18.4896781,
              54.4881237
            ],
            [
              18.4896891,
              54.4881834
            ]
          ]
        ]
      },
      "id": "relation/2606793"
    },
    {
      "type": "Feature",
      "properties": {
        "@id": "relation/2606794",
        "admin_level": "9",
        "boundary": "administrative",
        "is_in:city": "Gdynia",
        "is_in:province": "województwo pomorskie",
        "name": "Leszczynki",
        "population": "248042",
        "source:population": "http://stat.gov.pl/obszary-tematyczne/ludnosc/ludnosc/ludnosc-stan-i-struktura-ludnosci-oraz-ruch-naturalny-w-przekroju-terytorialnym-w-2013-r-stan-w-dniu-31-xii,6,12.html",
        "teryt:rm": "99",
        "teryt:simc": "0934270",
        "teryt:stan_na": "2009-01-01",
        "teryt:sympod": "0934100",
        "type": "boundary",
        "wikidata": "Q11754888",
        "wikipedia": "pl:Leszczynki (Gdynia)"
      },
      "geometry": {
        "type": "Polygon",
        "coordinates": [
          [
            [
              18.4825623,
              54.5178957
            ],
            [
              18.4833568,
              54.519207
            ],
            [
              18.4839097,
              54.5194225
            ],
            [
              18.4837984,
              54.5219618
            ],
            [
              18.4827293,
              54.5226602
            ],
            [
              18.4825405,
              54.5232049
            ],
            [
              18.4839773,
              54.5244364
            ],
            [
              18.4844087,
              54.5242243
            ],
            [
              18.4849831,
              54.5239417
            ],
            [
              18.4856732,
              54.5235912
            ],
            [
              18.4899914,
              54.5237477
            ],
            [
              18.490287,
              54.5237551
            ],
            [
              18.4904115,
              54.5237641
            ],
            [
              18.4909082,
              54.5239815
            ],
            [
              18.4909744,
              54.5240147
            ],
            [
              18.4915047,
              54.524255
            ],
            [
              18.4916983,
              54.5243428
            ],
            [
              18.4926152,
              54.524756
            ],
            [
              18.4928399,
              54.524853
            ],
            [
              18.4933441,
              54.5251003
            ],
            [
              18.4937526,
              54.5253006
            ],
            [
              18.4952351,
              54.5260275
            ],
            [
              18.4960785,
              54.5264326
            ],
            [
              18.4956924,
              54.5264506
            ],
            [
              18.4952156,
              54.5264946
            ],
            [
              18.4949298,
              54.5265179
            ],
            [
              18.4949988,
              54.5266117
            ],
            [
              18.4950768,
              54.5267177
            ],
            [
              18.4956965,
              54.5269678
            ],
            [
              18.4958668,
              54.5271326
            ],
            [
              18.4958935,
              54.5271297
            ],
            [
              18.4959511,
              54.5273508
            ],
            [
              18.495948,
              54.5273886
            ],
            [
              18.4954071,
              54.5274396
            ],
            [
              18.4948797,
              54.5274899
            ],
            [
              18.4947097,
              54.5275049
            ],
            [
              18.4941852,
              54.5275541
            ],
            [
              18.4950132,
              54.5283244
            ],
            [
              18.4949995,
              54.5283292
            ],
            [
              18.496162,
              54.5291362
            ],
            [
              18.4961904,
              54.5291575
            ],
            [
              18.4964857,
              54.5293561
            ],
            [
              18.4965162,
              54.5293365
            ],
            [
              18.4965429,
              54.5293541
            ],
            [
              18.4965502,
              54.5293739
            ],
            [
              18.4966776,
              54.5294625
            ],
            [
              18.4968252,
              54.5295595
            ],
            [
              18.4969224,
              54.529626
            ],
            [
              18.4969838,
              54.5296668
            ],
            [
              18.4970107,
              54.5297202
            ],
            [
              18.4968419,
              54.529758
            ],
            [
              18.4964246,
              54.5298525
            ],
            [
              18.4962799,
              54.5300505
            ],
            [
              18.4962612,
              54.5300809
            ],
            [
              18.4962508,
              54.530114
            ],
            [
              18.4960038,
              54.5301712
            ],
            [
              18.4959765,
              54.5301781
            ],
            [
              18.495914,
              54.5301945
            ],
            [
              18.4959062,
              54.5301839
            ],
            [
              18.4957967,
              54.5302117
            ],
            [
              18.4962426,
              54.5307216
            ],
            [
              18.4963414,
              54.5308346
            ],
            [
              18.4963567,
              54.5308522
            ],
            [
              18.4965376,
              54.5310598
            ],
            [
              18.4964514,
              54.5310849
            ],
            [
              18.4965083,
              54.5311992
            ],
            [
              18.4966477,
              54.5314097
            ],
            [
              18.4969149,
              54.5316526
            ],
            [
              18.4972237,
              54.5318545
            ],
            [
              18.4974464,
              54.5321127
            ],
            [
              18.4975797,
              54.5322727
            ],
            [
              18.4977109,
              54.5324137
            ],
            [
              18.4978634,
              54.5325809
            ],
            [
              18.4979003,
              54.5326213
            ],
            [
              18.4980894,
              54.5328287
            ],
            [
              18.4982324,
              54.5329845
            ],
            [
              18.4983823,
              54.533144
            ],
            [
              18.4984192,
              54.533187
            ],
            [
              18.4988987,
              54.5336643
            ],
            [
              18.4990847,
              54.5335848
            ],
            [
              18.49917,
              54.5336582
            ],
            [
              18.4991981,
              54.5337167
            ],
            [
              18.4992162,
              54.5337492
            ],
            [
              18.4992463,
              54.533757
            ],
            [
              18.4990091,
              54.5338006
            ],
            [
              18.4994153,
              54.5341872
            ],
            [
              18.5022201,
              54.5368565
            ],
            [
              18.5020427,
              54.5369837
            ],
            [
              18.5018567,
              54.5371673
            ],
            [
              18.5018125,
              54.5372527
            ],
            [
              18.5009637,
              54.5378439
            ],
            [
              18.5006619,
              54.5380683
            ],
            [
              18.5004963,
              54.5381897
            ],
            [
              18.5002513,
              54.5383551
            ],
            [
              18.500175,
              54.5384048
            ],
            [
              18.5000843,
              54.5384616
            ],
            [
              18.5000641,
              54.538469
            ],
            [
              18.4999381,
              54.538546
            ],
            [
              18.4998163,
              54.5386164
            ],
            [
              18.4995738,
              54.5387486
            ],
            [
              18.4990851,
              54.538977
            ],
            [
              18.4973369,
              54.5397503
            ],
            [
              18.4966451,
              54.5400568
            ],
            [
              18.4964416,
              54.540162
            ],
            [
              18.4958351,
              54.540499
            ],
            [
              18.4954302,
              54.5407112
            ],
            [
              18.4948761,
              54.5409604
            ],
            [
              18.4949813,
              54.540505
            ],
            [
              18.4946553,
              54.5405708
            ],
            [
              18.4942485,
              54.5402944
            ],
            [
              18.4940752,
              54.5401598
            ],
            [
              18.4939515,
              54.5400512
            ],
            [
              18.4939103,
              54.5400258
            ],
            [
              18.4939523,
              54.5400049
            ],
            [
              18.4938125,
              54.5399919
            ],
            [
              18.4936115,
              54.5399213
            ],
            [
              18.4935523,
              54.5399108
            ],
            [
              18.4935324,
              54.5398863
            ],
            [
              18.4930942,
              54.539837
            ],
            [
              18.4928915,
              54.5398228
            ],
            [
              18.4928389,
              54.5398198
            ],
            [
              18.4927067,
              54.5398402
            ],
            [
              18.4922895,
              54.5397096
            ],
            [
              18.4921874,
              54.5396158
            ],
            [
              18.4917101,
              54.5394853
            ],
            [
              18.4912573,
              54.5394005
            ],
            [
              18.4909809,
              54.539328
            ],
            [
              18.4907528,
              54.5393129
            ],
            [
              18.4904655,
              54.5392857
            ],
            [
              18.4903764,
              54.5393044
            ],
            [
              18.4900925,
              54.5391957
            ],
            [
              18.4900379,
              54.5391384
            ],
            [
              18.4898086,
              54.5390261
            ],
            [
              18.4897712,
              54.538907
            ],
            [
              18.4897365,
              54.5387965
            ],
            [
              18.4895826,
              54.5383609
            ],
            [
              18.4895864,
              54.5383087
            ],
            [
              18.4888063,
              54.5376596
            ],
            [
              18.4886032,
              54.5377415
            ],
            [
              18.4885364,
              54.5375918
            ],
            [
              18.4864566,
              54.5384239
            ],
            [
              18.4857239,
              54.538392
            ],
            [
              18.4866727,
              54.5379983
            ],
            [
              18.4866858,
              54.5379001
            ],
            [
              18.4865471,
              54.5379595
            ],
            [
              18.485769,
              54.536964
            ],
            [
              18.4857492,
              54.5369682
            ],
            [
              18.4856993,
              54.5367643
            ],
            [
              18.4856518,
              54.5367727
            ],
            [
              18.4852639,
              54.5362952
            ],
            [
              18.4843805,
              54.535181
            ],
            [
              18.4838431,
              54.5345047
            ],
            [
              18.4829725,
              54.5347389
            ],
            [
              18.4821544,
              54.5349967
            ],
            [
              18.4819554,
              54.5350393
            ],
            [
              18.4816526,
              54.5351713
            ],
            [
              18.480594,
              54.535803
            ],
            [
              18.4805309,
              54.5358294
            ],
            [
              18.4791743,
              54.5363078
            ],
            [
              18.4790113,
              54.5364605
            ],
            [
              18.4789499,
              54.5364717
            ],
            [
              18.4786919,
              54.5364758
            ],
            [
              18.4784892,
              54.5364812
            ],
            [
              18.4776189,
              54.5365252
            ],
            [
              18.4755788,
              54.5372336
            ],
            [
              18.4750803,
              54.5371125
            ],
            [
              18.4749212,
              54.5370124
            ],
            [
              18.4743979,
              54.5366831
            ],
            [
              18.4739904,
              54.5365537
            ],
            [
              18.4735524,
              54.5361053
            ],
            [
              18.4733124,
              54.5357094
            ],
            [
              18.4729668,
              54.5353022
            ],
            [
              18.4722619,
              54.5346709
            ],
            [
              18.4718027,
              54.5344908
            ],
            [
              18.4724655,
              54.5341794
            ],
            [
              18.4725814,
              54.5341187
            ],
            [
              18.4728721,
              54.533961
            ],
            [
              18.4733213,
              54.533158
            ],
            [
              18.4724307,
              54.5330564
            ],
            [
              18.4721672,
              54.5329582
            ],
            [
              18.4718509,
              54.5328033
            ],
            [
              18.4717018,
              54.5327234
            ],
            [
              18.4707322,
              54.5322755
            ],
            [
              18.4702882,
              54.5320712
            ],
            [
              18.4698185,
              54.531937
            ],
            [
              18.4694519,
              54.5318308
            ],
            [
              18.4694827,
              54.531512
            ],
            [
              18.4696693,
              54.5310769
            ],
            [
              18.4695646,
              54.5306432
            ],
            [
              18.469318,
              54.5302528
            ],
            [
              18.4694015,
              54.5298503
            ],
            [
              18.4695844,
              54.5294641
            ],
            [
              18.4701396,
              54.5289336
            ],
            [
              18.470268,
              54.5288484
            ],
            [
              18.4704461,
              54.5287752
            ],
            [
              18.4706682,
              54.528747
            ],
            [
              18.4710555,
              54.5287885
            ],
            [
              18.4713292,
              54.5287172
            ],
            [
              18.4713401,
              54.5286972
            ],
            [
              18.4717296,
              54.5279836
            ],
            [
              18.4717321,
              54.527899
            ],
            [
              18.4716474,
              54.5278145
            ],
            [
              18.4715452,
              54.5277212
            ],
            [
              18.4714509,
              54.5276958
            ],
            [
              18.4713534,
              54.5276938
            ],
            [
              18.4710043,
              54.5277372
            ],
            [
              18.4707944,
              54.5277456
            ],
            [
              18.4704083,
              54.5277198
            ],
            [
              18.4701877,
              54.5276804
            ],
            [
              18.4697115,
              54.5275412
            ],
            [
              18.4689789,
              54.5275021
            ],
            [
              18.468861,
              54.527501
            ],
            [
              18.4688254,
              54.5274952
            ],
            [
              18.468787,
              54.5274726
            ],
            [
              18.4687765,
              54.5274412
            ],
            [
              18.4687804,
              54.5274201
            ],
            [
              18.4688188,
              54.5274013
            ],
            [
              18.468938,
              54.5273632
            ],
            [
              18.4692969,
              54.5273009
            ],
            [
              18.4697515,
              54.5272318
            ],
            [
              18.4701003,
              54.5271904
            ],
            [
              18.4703197,
              54.5271659
            ],
            [
              18.4704703,
              54.5271276
            ],
            [
              18.4705859,
              54.5270623
            ],
            [
              18.47102,
              54.5267119
            ],
            [
              18.4712631,
              54.5264344
            ],
            [
              18.4713503,
              54.5263469
            ],
            [
              18.4714774,
              54.5263002
            ],
            [
              18.4717414,
              54.5262841
            ],
            [
              18.4723704,
              54.526258
            ],
            [
              18.472677,
              54.5262074
            ],
            [
              18.4728796,
              54.5261209
            ],
            [
              18.4730496,
              54.5259973
            ],
            [
              18.4734143,
              54.525528
            ],
            [
              18.4734909,
              54.5252289
            ],
            [
              18.4738215,
              54.5249318
            ],
            [
              18.4741674,
              54.5242958
            ],
            [
              18.474289,
              54.5239001
            ],
            [
              18.4743789,
              54.5237406
            ],
            [
              18.4745564,
              54.5236193
            ],
            [
              18.4749867,
              54.5234798
            ],
            [
              18.4752774,
              54.523443
            ],
            [
              18.4756442,
              54.5233679
            ],
            [
              18.4758053,
              54.5233103
            ],
            [
              18.4760407,
              54.5231556
            ],
            [
              18.4765228,
              54.5227637
            ],
            [
              18.4766798,
              54.5225055
            ],
            [
              18.476762,
              54.5223841
            ],
            [
              18.4768794,
              54.5222795
            ],
            [
              18.4802066,
              54.5203203
            ],
            [
              18.4816637,
              54.5183609
            ],
            [
              18.4825623,
              54.5178957
            ]
          ]
        ]
      },
      "id": "relation/2606794"
    },
    {
      "type": "Feature",
      "properties": {
        "@id": "relation/2606795",
        "admin_level": "9",
        "boundary": "administrative",
        "is_in:city": "Gdynia",
        "is_in:province": "województwo pomorskie",
        "name": "Mały Kack",
        "population": "9493",
        "population:date": "2019",
        "source:population": "http://stat.gov.pl/obszary-tematyczne/ludnosc/ludnosc/ludnosc-stan-i-struktura-ludnosci-oraz-ruch-naturalny-w-przekroju-terytorialnym-w-2013-r-stan-w-dniu-31-xii,6,12.html",
        "teryt:rm": "99",
        "teryt:simc": "0934286",
        "teryt:stan_na": "2009-01-01",
        "teryt:sympod": "0934100",
        "type": "boundary",
        "wikidata": "Q11772543",
        "wikipedia": "pl:Mały Kack"
      },
      "geometry": {
        "type": "Polygon",
        "coordinates": [
          [
            [
              18.5294287,
              54.4967305
            ],
            [
              18.5294589,
              54.4964344
            ],
            [
              18.5294523,
              54.49625
            ],
            [
              18.5294484,
              54.4961487
            ],
            [
              18.5295079,
              54.4960001
            ],
            [
              18.5295374,
              54.4958037
            ],
            [
              18.5296163,
              54.4955468
            ],
            [
              18.5297214,
              54.495233
            ],
            [
              18.5297571,
              54.4951141
            ],
            [
              18.5297908,
              54.4950041
            ],
            [
              18.5298137,
              54.4948964
            ],
            [
              18.5298366,
              54.4948048
            ],
            [
              18.5298695,
              54.4947218
            ],
            [
              18.5298841,
              54.4946441
            ],
            [
              18.5298734,
              54.4945806
            ],
            [
              18.5298709,
              54.4945353
            ],
            [
              18.529886,
              54.4943896
            ],
            [
              18.5298766,
              54.4943386
            ],
            [
              18.5298829,
              54.4942547
            ],
            [
              18.5298914,
              54.4941375
            ],
            [
              18.5299035,
              54.4940498
            ],
            [
              18.5299277,
              54.493948
            ],
            [
              18.5299395,
              54.4938732
            ],
            [
              18.5299765,
              54.4937429
            ],
            [
              18.529946,
              54.4936873
            ],
            [
              18.5299243,
              54.4936396
            ],
            [
              18.5298754,
              54.4935093
            ],
            [
              18.5298415,
              54.4934392
            ],
            [
              18.5297657,
              54.4932823
            ],
            [
              18.5296177,
              54.4929774
            ],
            [
              18.5300828,
              54.4920609
            ],
            [
              18.5301149,
              54.4916731
            ],
            [
              18.5301175,
              54.4914436
            ],
            [
              18.5300463,
              54.4910663
            ],
            [
              18.5298258,
              54.4901568
            ],
            [
              18.5293598,
              54.4903572
            ],
            [
              18.528824,
              54.4902266
            ],
            [
              18.5280699,
              54.4899882
            ],
            [
              18.5278286,
              54.4900045
            ],
            [
              18.5276955,
              54.4898595
            ],
            [
              18.5272249,
              54.4894747
            ],
            [
              18.5265896,
              54.4891202
            ],
            [
              18.5263134,
              54.4889764
            ],
            [
              18.525897,
              54.4889498
            ],
            [
              18.5254736,
              54.4888173
            ],
            [
              18.5251611,
              54.488816
            ],
            [
              18.524362,
              54.4887501
            ],
            [
              18.5240271,
              54.4887425
            ],
            [
              18.5239172,
              54.488792
            ],
            [
              18.523655,
              54.4888582
            ],
            [
              18.5234236,
              54.4889964
            ],
            [
              18.5233321,
              54.4889556
            ],
            [
              18.5231673,
              54.4886374
            ],
            [
              18.5226021,
              54.4885763
            ],
            [
              18.5220897,
              54.4884596
            ],
            [
              18.5218284,
              54.4884443
            ],
            [
              18.5214032,
              54.4883831
            ],
            [
              18.5211438,
              54.4882929
            ],
            [
              18.5207687,
              54.4882242
            ],
            [
              18.5204378,
              54.4881373
            ],
            [
              18.5197798,
              54.4881596
            ],
            [
              18.5193078,
              54.4882481
            ],
            [
              18.5190652,
              54.4881229
            ],
            [
              18.5185307,
              54.4877188
            ],
            [
              18.5183904,
              54.4877468
            ],
            [
              18.518219,
              54.4877264
            ],
            [
              18.5177667,
              54.4877139
            ],
            [
              18.5174182,
              54.4874717
            ],
            [
              18.5161669,
              54.4870493
            ],
            [
              18.515862,
              54.4869244
            ],
            [
              18.5149059,
              54.4869253
            ],
            [
              18.5139846,
              54.4865826
            ],
            [
              18.513242,
              54.4865951
            ],
            [
              18.5130685,
              54.4865789
            ],
            [
              18.5123378,
              54.4862751
            ],
            [
              18.5120842,
              54.4862146
            ],
            [
              18.5120575,
              54.4863995
            ],
            [
              18.5119613,
              54.486587
            ],
            [
              18.5118635,
              54.486567
            ],
            [
              18.5118822,
              54.4864529
            ],
            [
              18.5118149,
              54.4863545
            ],
            [
              18.5116839,
              54.4862909
            ],
            [
              18.5115051,
              54.4862967
            ],
            [
              18.5112634,
              54.4863505
            ],
            [
              18.5107703,
              54.4863324
            ],
            [
              18.510398,
              54.4863767
            ],
            [
              18.5096038,
              54.4865138
            ],
            [
              18.5092986,
              54.4865887
            ],
            [
              18.5089525,
              54.4867407
            ],
            [
              18.5085774,
              54.4869324
            ],
            [
              18.5085482,
              54.4870685
            ],
            [
              18.5085972,
              54.4872477
            ],
            [
              18.5085641,
              54.4873599
            ],
            [
              18.5084441,
              54.4874891
            ],
            [
              18.5082601,
              54.4876709
            ],
            [
              18.5081857,
              54.4876623
            ],
            [
              18.5083272,
              54.4874398
            ],
            [
              18.5083765,
              54.487333
            ],
            [
              18.5083836,
              54.4872587
            ],
            [
              18.5081343,
              54.487266
            ],
            [
              18.5079488,
              54.4870565
            ],
            [
              18.5078078,
              54.4869745
            ],
            [
              18.5076819,
              54.4870013
            ],
            [
              18.5071611,
              54.4874167
            ],
            [
              18.5069244,
              54.4874823
            ],
            [
              18.5065803,
              54.4877283
            ],
            [
              18.5061376,
              54.4877663
            ],
            [
              18.5059174,
              54.4879807
            ],
            [
              18.5053033,
              54.4881673
            ],
            [
              18.50513,
              54.4883961
            ],
            [
              18.5049041,
              54.4885789
            ],
            [
              18.503531,
              54.4891277
            ],
            [
              18.5031077,
              54.489164
            ],
            [
              18.5022706,
              54.4891249
            ],
            [
              18.5017172,
              54.4892719
            ],
            [
              18.5015282,
              54.4894411
            ],
            [
              18.5015763,
              54.4896893
            ],
            [
              18.5014751,
              54.4896948
            ],
            [
              18.5013758,
              54.4894643
            ],
            [
              18.5008226,
              54.4896755
            ],
            [
              18.5007251,
              54.4896311
            ],
            [
              18.5002254,
              54.4897337
            ],
            [
              18.4996964,
              54.4898885
            ],
            [
              18.4993855,
              54.490087
            ],
            [
              18.4989801,
              54.4901626
            ],
            [
              18.498403,
              54.4902494
            ],
            [
              18.4973768,
              54.4901322
            ],
            [
              18.4968776,
              54.4901896
            ],
            [
              18.4964393,
              54.49012
            ],
            [
              18.4959457,
              54.4900537
            ],
            [
              18.4955684,
              54.4900033
            ],
            [
              18.495026,
              54.4899202
            ],
            [
              18.4944593,
              54.4898227
            ],
            [
              18.4941129,
              54.4897487
            ],
            [
              18.4938276,
              54.4896892
            ],
            [
              18.4931335,
              54.4894925
            ],
            [
              18.49209,
              54.4891295
            ],
            [
              18.4919425,
              54.4891604
            ],
            [
              18.491778,
              54.4891633
            ],
            [
              18.4913835,
              54.4890189
            ],
            [
              18.4914018,
              54.4889452
            ],
            [
              18.4917129,
              54.4889793
            ],
            [
              18.4912256,
              54.4887405
            ],
            [
              18.4910026,
              54.4885969
            ],
            [
              18.4902494,
              54.4881442
            ],
            [
              18.4896891,
              54.4881834
            ],
            [
              18.4896781,
              54.4881237
            ],
            [
              18.4900656,
              54.4880291
            ],
            [
              18.4899889,
              54.487728
            ],
            [
              18.4896882,
              54.487309
            ],
            [
              18.4897443,
              54.4872937
            ],
            [
              18.4896294,
              54.4871255
            ],
            [
              18.489414,
              54.4868063
            ],
            [
              18.4891825,
              54.4863984
            ],
            [
              18.4889737,
              54.4860777
            ],
            [
              18.4888512,
              54.4857826
            ],
            [
              18.4886189,
              54.4852324
            ],
            [
              18.4883481,
              54.4848242
            ],
            [
              18.4881718,
              54.4845244
            ],
            [
              18.4881318,
              54.4841501
            ],
            [
              18.4882603,
              54.4839624
            ],
            [
              18.4883751,
              54.4837089
            ],
            [
              18.4883495,
              54.4835497
            ],
            [
              18.4884514,
              54.482971
            ],
            [
              18.4885297,
              54.4827984
            ],
            [
              18.4886583,
              54.4824968
            ],
            [
              18.4888047,
              54.4822404
            ],
            [
              18.4891458,
              54.4816497
            ],
            [
              18.4892873,
              54.4814674
            ],
            [
              18.4894596,
              54.4812956
            ],
            [
              18.4897613,
              54.4810584
            ],
            [
              18.4901598,
              54.4808014
            ],
            [
              18.490961,
              54.4803594
            ],
            [
              18.4909235,
              54.4802551
            ],
            [
              18.4913777,
              54.480078
            ],
            [
              18.4915858,
              54.4800652
            ],
            [
              18.4918596,
              54.4799247
            ],
            [
              18.492185,
              54.4797438
            ],
            [
              18.4927868,
              54.4794974
            ],
            [
              18.4932714,
              54.4792565
            ],
            [
              18.49373,
              54.479026
            ],
            [
              18.4941973,
              54.478725
            ],
            [
              18.4944626,
              54.4785117
            ],
            [
              18.4947136,
              54.478308
            ],
            [
              18.4952181,
              54.4778078
            ],
            [
              18.4956092,
              54.4774165
            ],
            [
              18.4959088,
              54.4770803
            ],
            [
              18.4960064,
              54.4770821
            ],
            [
              18.4962422,
              54.4769111
            ],
            [
              18.4963865,
              54.4766892
            ],
            [
              18.4966135,
              54.4764884
            ],
            [
              18.4969664,
              54.4763217
            ],
            [
              18.4973389,
              54.4761315
            ],
            [
              18.4976139,
              54.4759636
            ],
            [
              18.4978107,
              54.4758244
            ],
            [
              18.4979145,
              54.4759108
            ],
            [
              18.4979714,
              54.4758906
            ],
            [
              18.49881,
              54.4755925
            ],
            [
              18.4993006,
              54.4753299
            ],
            [
              18.4995173,
              54.4752985
            ],
            [
              18.4998328,
              54.4751849
            ],
            [
              18.4999082,
              54.4753326
            ],
            [
              18.5006475,
              54.4751324
            ],
            [
              18.5006174,
              54.4750875
            ],
            [
              18.5009883,
              54.4750579
            ],
            [
              18.5014924,
              54.4749198
            ],
            [
              18.5025116,
              54.4746649
            ],
            [
              18.5026888,
              54.4746298
            ],
            [
              18.5030547,
              54.474523
            ],
            [
              18.5032166,
              54.4744461
            ],
            [
              18.5031986,
              54.4744207
            ],
            [
              18.5039923,
              54.4740449
            ],
            [
              18.5051752,
              54.4736443
            ],
            [
              18.505158,
              54.4736272
            ],
            [
              18.5058832,
              54.4733013
            ],
            [
              18.5059101,
              54.4733165
            ],
            [
              18.5063371,
              54.4730846
            ],
            [
              18.5062308,
              54.4730909
            ],
            [
              18.5069202,
              54.4726197
            ],
            [
              18.5072243,
              54.4723844
            ],
            [
              18.5072917,
              54.4722418
            ],
            [
              18.5075219,
              54.4720988
            ],
            [
              18.5076734,
              54.4719187
            ],
            [
              18.5077612,
              54.4717916
            ],
            [
              18.5078104,
              54.4717054
            ],
            [
              18.5079758,
              54.471437
            ],
            [
              18.5080728,
              54.4712492
            ],
            [
              18.5081917,
              54.4709948
            ],
            [
              18.5082591,
              54.4707797
            ],
            [
              18.5082819,
              54.47071
            ],
            [
              18.5083349,
              54.4704937
            ],
            [
              18.5083466,
              54.4704094
            ],
            [
              18.5083774,
              54.4701279
            ],
            [
              18.5083789,
              54.4698283
            ],
            [
              18.5083405,
              54.4695959
            ],
            [
              18.508268,
              54.4693616
            ],
            [
              18.5081344,
              54.4690162
            ],
            [
              18.5080792,
              54.4688446
            ],
            [
              18.5082961,
              54.4688074
            ],
            [
              18.5089736,
              54.468742
            ],
            [
              18.5091386,
              54.4685599
            ],
            [
              18.5091788,
              54.468429
            ],
            [
              18.5091753,
              54.4683395
            ],
            [
              18.5092246,
              54.4682056
            ],
            [
              18.5092316,
              54.4681846
            ],
            [
              18.5092701,
              54.4680687
            ],
            [
              18.5093232,
              54.4678888
            ],
            [
              18.5093498,
              54.4676893
            ],
            [
              18.5093577,
              54.4676474
            ],
            [
              18.5093686,
              54.4675923
            ],
            [
              18.5093763,
              54.4675269
            ],
            [
              18.5093878,
              54.4674284
            ],
            [
              18.5093856,
              54.4672371
            ],
            [
              18.5093856,
              54.4672149
            ],
            [
              18.5093311,
              54.4671739
            ],
            [
              18.5092677,
              54.4669527
            ],
            [
              18.5092034,
              54.4667298
            ],
            [
              18.5091588,
              54.4665516
            ],
            [
              18.5090944,
              54.4663042
            ],
            [
              18.5090696,
              54.4661904
            ],
            [
              18.5089937,
              54.4658204
            ],
            [
              18.5089802,
              54.4657351
            ],
            [
              18.5089752,
              54.4656455
            ],
            [
              18.5089707,
              54.465601
            ],
            [
              18.5089514,
              54.4653812
            ],
            [
              18.5089509,
              54.465345
            ],
            [
              18.5089281,
              54.4650568
            ],
            [
              18.5088556,
              54.4650547
            ],
            [
              18.5088401,
              54.4648774
            ],
            [
              18.5088026,
              54.4643547
            ],
            [
              18.5087773,
              54.4638416
            ],
            [
              18.5087664,
              54.4636099
            ],
            [
              18.5087197,
              54.4630282
            ],
            [
              18.5086826,
              54.4624194
            ],
            [
              18.5086214,
              54.4616327
            ],
            [
              18.5085975,
              54.461334
            ],
            [
              18.508588,
              54.4610879
            ],
            [
              18.5086012,
              54.4609729
            ],
            [
              18.5086135,
              54.460869
            ],
            [
              18.508639,
              54.4607632
            ],
            [
              18.5086956,
              54.4606252
            ],
            [
              18.5087341,
              54.4605743
            ],
            [
              18.5087417,
              54.4605408
            ],
            [
              18.5087473,
              54.4605062
            ],
            [
              18.5088302,
              54.4603527
            ],
            [
              18.50892,
              54.4601744
            ],
            [
              18.5089505,
              54.4600812
            ],
            [
              18.5089913,
              54.4599511
            ],
            [
              18.5090232,
              54.4598499
            ],
            [
              18.5090326,
              54.4597727
            ],
            [
              18.509034,
              54.459711
            ],
            [
              18.5090259,
              54.4596294
            ],
            [
              18.5090149,
              54.4595604
            ],
            [
              18.5089686,
              54.4594993
            ],
            [
              18.508857,
              54.4594295
            ],
            [
              18.5086429,
              54.4593491
            ],
            [
              18.5085536,
              54.4593251
            ],
            [
              18.5084827,
              54.4592978
            ],
            [
              18.5083157,
              54.4592674
            ],
            [
              18.5082518,
              54.4592473
            ],
            [
              18.5079575,
              54.459176
            ],
            [
              18.507746,
              54.4591258
            ],
            [
              18.5076884,
              54.4591077
            ],
            [
              18.5076234,
              54.4590762
            ],
            [
              18.5076085,
              54.4590524
            ],
            [
              18.5076111,
              54.4590347
            ],
            [
              18.50762,
              54.4590067
            ],
            [
              18.5076402,
              54.4589769
            ],
            [
              18.5076657,
              54.4589547
            ],
            [
              18.5076949,
              54.4589421
            ],
            [
              18.5077363,
              54.4589289
            ],
            [
              18.5077844,
              54.4589197
            ],
            [
              18.5081267,
              54.4589263
            ],
            [
              18.5083447,
              54.4589367
            ],
            [
              18.5085288,
              54.4589522
            ],
            [
              18.5088267,
              54.458951
            ],
            [
              18.5089793,
              54.4589415
            ],
            [
              18.5090983,
              54.4589235
            ],
            [
              18.5092264,
              54.4588736
            ],
            [
              18.5093122,
              54.4588264
            ],
            [
              18.5093929,
              54.4587735
            ],
            [
              18.5095314,
              54.4586603
            ],
            [
              18.509658,
              54.4585727
            ],
            [
              18.5097907,
              54.4585127
            ],
            [
              18.510013,
              54.4584295
            ],
            [
              18.5101295,
              54.4583909
            ],
            [
              18.51019,
              54.4583799
            ],
            [
              18.5102352,
              54.458375
            ],
            [
              18.5104585,
              54.4583363
            ],
            [
              18.5106266,
              54.4583095
            ],
            [
              18.5106779,
              54.4583075
            ],
            [
              18.51081,
              54.4583004
            ],
            [
              18.5109022,
              54.4582993
            ],
            [
              18.5110552,
              54.4583139
            ],
            [
              18.5113337,
              54.4583331
            ],
            [
              18.5114977,
              54.4583338
            ],
            [
              18.5116302,
              54.4583149
            ],
            [
              18.5118632,
              54.4582531
            ],
            [
              18.511953,
              54.4582147
            ],
            [
              18.5120259,
              54.4581707
            ],
            [
              18.5125348,
              54.457882
            ],
            [
              18.5128696,
              54.4576893
            ],
            [
              18.512977,
              54.4576311
            ],
            [
              18.514057,
              54.4569897
            ],
            [
              18.514904,
              54.4564967
            ],
            [
              18.5152191,
              54.4563411
            ],
            [
              18.5154838,
              54.4562528
            ],
            [
              18.5156798,
              54.4562314
            ],
            [
              18.515968,
              54.4562107
            ],
            [
              18.5167509,
              54.4561549
            ],
            [
              18.5181312,
              54.4560558
            ],
            [
              18.5197548,
              54.4559473
            ],
            [
              18.519984,
              54.4559629
            ],
            [
              18.5210979,
              54.4561926
            ],
            [
              18.5209526,
              54.4562971
            ],
            [
              18.5199449,
              54.4578618
            ],
            [
              18.5199806,
              54.457881
            ],
            [
              18.5200182,
              54.457851
            ],
            [
              18.5210998,
              54.4576725
            ],
            [
              18.5225779,
              54.457527
            ],
            [
              18.5232172,
              54.4575426
            ],
            [
              18.5250097,
              54.4574735
            ],
            [
              18.5266252,
              54.4576897
            ],
            [
              18.529197,
              54.4580354
            ],
            [
              18.5314695,
              54.4583389
            ],
            [
              18.5326759,
              54.458892
            ],
            [
              18.5353213,
              54.4590512
            ],
            [
              18.5370474,
              54.458811
            ],
            [
              18.5379242,
              54.4585566
            ],
            [
              18.5391066,
              54.4582079
            ],
            [
              18.5396068,
              54.4579259
            ],
            [
              18.5412819,
              54.4577013
            ],
            [
              18.5433209,
              54.4570557
            ],
            [
              18.5434253,
              54.4583892
            ],
            [
              18.5435177,
              54.4594733
            ],
            [
              18.5435535,
              54.4596817
            ],
            [
              18.5435883,
              54.4604359
            ],
            [
              18.5435888,
              54.4604447
            ],
            [
              18.5407565,
              54.4605025
            ],
            [
              18.5404774,
              54.4605109
            ],
            [
              18.5403221,
              54.4605411
            ],
            [
              18.5399982,
              54.4605224
            ],
            [
              18.5396615,
              54.4605376
            ],
            [
              18.53943,
              54.4606497
            ],
            [
              18.5397162,
              54.4607982
            ],
            [
              18.5388259,
              54.4609601
            ],
            [
              18.537735,
              54.4612405
            ],
            [
              18.537268,
              54.4614362
            ],
            [
              18.5368812,
              54.4616931
            ],
            [
              18.5366147,
              54.4619681
            ],
            [
              18.5360399,
              54.4623823
            ],
            [
              18.5355344,
              54.4627466
            ],
            [
              18.5351301,
              54.4630631
            ],
            [
              18.5349646,
              54.463221
            ],
            [
              18.5344787,
              54.4636985
            ],
            [
              18.534254,
              54.4638119
            ],
            [
              18.5338825,
              54.4637555
            ],
            [
              18.5336024,
              54.4637042
            ],
            [
              18.5331338,
              54.4637082
            ],
            [
              18.5324493,
              54.4637189
            ],
            [
              18.5324486,
              54.4637582
            ],
            [
              18.5319747,
              54.4637015
            ],
            [
              18.5314008,
              54.4635514
            ],
            [
              18.5309191,
              54.4633305
            ],
            [
              18.5305852,
              54.4632129
            ],
            [
              18.5301667,
              54.4631518
            ],
            [
              18.5296469,
              54.4631003
            ],
            [
              18.5295037,
              54.4630645
            ],
            [
              18.5295179,
              54.463243
            ],
            [
              18.5292855,
              54.4635784
            ],
            [
              18.5289973,
              54.4638857
            ],
            [
              18.5287854,
              54.4639328
            ],
            [
              18.5286405,
              54.4639585
            ],
            [
              18.528377,
              54.4640885
            ],
            [
              18.5281321,
              54.4643302
            ],
            [
              18.5277269,
              54.4646018
            ],
            [
              18.5275902,
              54.4650197
            ],
            [
              18.5274639,
              54.4653887
            ],
            [
              18.5273846,
              54.4655339
            ],
            [
              18.5271718,
              54.4656902
            ],
            [
              18.5257677,
              54.4662323
            ],
            [
              18.5256219,
              54.4662275
            ],
            [
              18.5252801,
              54.4663609
            ],
            [
              18.5248263,
              54.466645
            ],
            [
              18.5250114,
              54.4669415
            ],
            [
              18.5256429,
              54.4674919
            ],
            [
              18.5257853,
              54.4677405
            ],
            [
              18.5258225,
              54.4679104
            ],
            [
              18.5257906,
              54.4680019
            ],
            [
              18.5273502,
              54.4687854
            ],
            [
              18.5279325,
              54.4690708
            ],
            [
              18.529607,
              54.4698887
            ],
            [
              18.5307274,
              54.4704494
            ],
            [
              18.5310374,
              54.4706048
            ],
            [
              18.531787,
              54.4709545
            ],
            [
              18.5322709,
              54.4713122
            ],
            [
              18.5324001,
              54.4714738
            ],
            [
              18.5329388,
              54.4717822
            ],
            [
              18.5336874,
              54.4719114
            ],
            [
              18.534322,
              54.4718128
            ],
            [
              18.5348805,
              54.4721249
            ],
            [
              18.5352467,
              54.472269
            ],
            [
              18.5360134,
              54.4722382
            ],
            [
              18.5374816,
              54.4728981
            ],
            [
              18.5377382,
              54.4730648
            ],
            [
              18.5379694,
              54.4733968
            ],
            [
              18.5382007,
              54.4735619
            ],
            [
              18.5386991,
              54.4736838
            ],
            [
              18.5399763,
              54.4737481
            ],
            [
              18.5403331,
              54.4738426
            ],
            [
              18.5408716,
              54.4742942
            ],
            [
              18.5413893,
              54.4750701
            ],
            [
              18.5414423,
              54.4750619
            ],
            [
              18.5414714,
              54.4750888
            ],
            [
              18.5415612,
              54.4751717
            ],
            [
              18.5414902,
              54.4751879
            ],
            [
              18.5414318,
              54.4751943
            ],
            [
              18.5413716,
              54.4751999
            ],
            [
              18.5412829,
              54.4752205
            ],
            [
              18.5409232,
              54.4753267
            ],
            [
              18.5405104,
              54.4754506
            ],
            [
              18.5401816,
              54.4755476
            ],
            [
              18.5394738,
              54.4757582
            ],
            [
              18.539299,
              54.4758071
            ],
            [
              18.5389729,
              54.4759043
            ],
            [
              18.5385947,
              54.4760161
            ],
            [
              18.5383156,
              54.4761253
            ],
            [
              18.538187,
              54.4761892
            ],
            [
              18.5381214,
              54.4762306
            ],
            [
              18.5379844,
              54.4763593
            ],
            [
              18.5378705,
              54.4765265
            ],
            [
              18.5377989,
              54.4766231
            ],
            [
              18.537682,
              54.4767878
            ],
            [
              18.5374438,
              54.4771178
            ],
            [
              18.5373229,
              54.4772796
            ],
            [
              18.5372278,
              54.4774122
            ],
            [
              18.5372025,
              54.4774464
            ],
            [
              18.5370163,
              54.4777046
            ],
            [
              18.5368373,
              54.4779521
            ],
            [
              18.5366972,
              54.4781508
            ],
            [
              18.5365928,
              54.4782814
            ],
            [
              18.5364634,
              54.4784217
            ],
            [
              18.5364288,
              54.4784533
            ],
            [
              18.5362929,
              54.4785612
            ],
            [
              18.5361672,
              54.4786335
            ],
            [
              18.536188,
              54.4786392
            ],
            [
              18.536153,
              54.478656
            ],
            [
              18.5358533,
              54.4787441
            ],
            [
              18.5356002,
              54.4787486
            ],
            [
              18.5355851,
              54.478738
            ],
            [
              18.535459,
              54.4786497
            ],
            [
              18.5352454,
              54.4787923
            ],
            [
              18.5352148,
              54.4790627
            ],
            [
              18.5352224,
              54.4793025
            ],
            [
              18.5352469,
              54.4798982
            ],
            [
              18.5351673,
              54.4801383
            ],
            [
              18.5350314,
              54.4803294
            ],
            [
              18.5348344,
              54.4805607
            ],
            [
              18.5344755,
              54.4809842
            ],
            [
              18.5345726,
              54.4806745
            ],
            [
              18.5341139,
              54.4812307
            ],
            [
              18.5336049,
              54.4818394
            ],
            [
              18.533576,
              54.4818739
            ],
            [
              18.5333156,
              54.4820403
            ],
            [
              18.53328,
              54.4820827
            ],
            [
              18.5330646,
              54.4823412
            ],
            [
              18.5328079,
              54.4826452
            ],
            [
              18.5330521,
              54.4827166
            ],
            [
              18.5328454,
              54.4829637
            ],
            [
              18.5324186,
              54.483467
            ],
            [
              18.5314522,
              54.4846118
            ],
            [
              18.5311878,
              54.4849241
            ],
            [
              18.5309003,
              54.4852648
            ],
            [
              18.5308693,
              54.4853015
            ],
            [
              18.5309642,
              54.4853637
            ],
            [
              18.5310365,
              54.4853889
            ],
            [
              18.5315195,
              54.4855117
            ],
            [
              18.5320759,
              54.4857234
            ],
            [
              18.5324374,
              54.485969
            ],
            [
              18.5330702,
              54.4865168
            ],
            [
              18.5333542,
              54.4866679
            ],
            [
              18.5335531,
              54.4867444
            ],
            [
              18.5337423,
              54.4867983
            ],
            [
              18.5342819,
              54.4868893
            ],
            [
              18.5346503,
              54.4869244
            ],
            [
              18.5351048,
              54.4869435
            ],
            [
              18.5373471,
              54.4871495
            ],
            [
              18.5377179,
              54.4871378
            ],
            [
              18.5380556,
              54.4870959
            ],
            [
              18.5390196,
              54.486828
            ],
            [
              18.5392134,
              54.4867982
            ],
            [
              18.5394302,
              54.4867922
            ],
            [
              18.5394277,
              54.4868077
            ],
            [
              18.5396656,
              54.4867968
            ],
            [
              18.5398188,
              54.4867966
            ],
            [
              18.5399236,
              54.486807
            ],
            [
              18.539795,
              54.4870877
            ],
            [
              18.5398346,
              54.4870864
            ],
            [
              18.5356646,
              54.4968436
            ],
            [
              18.5356377,
              54.4968393
            ],
            [
              18.5355913,
              54.4968158
            ],
            [
              18.5354106,
              54.4968309
            ],
            [
              18.533923,
              54.4966836
            ],
            [
              18.5335871,
              54.4966823
            ],
            [
              18.5331217,
              54.4966743
            ],
            [
              18.5331137,
              54.4966198
            ],
            [
              18.5331083,
              54.4965825
            ],
            [
              18.5325907,
              54.4965963
            ],
            [
              18.5317686,
              54.4966319
            ],
            [
              18.5310006,
              54.4966637
            ],
            [
              18.5302092,
              54.4966964
            ],
            [
              18.5301155,
              54.4967003
            ],
            [
              18.529701,
              54.4967185
            ],
            [
              18.5294287,
              54.4967305
            ]
          ]
        ]
      },
      "id": "relation/2606795"
    },
    {
      "type": "Feature",
      "properties": {
        "@id": "relation/2606796",
        "admin_level": "9",
        "boundary": "administrative",
        "is_in:city": "Gdynia",
        "is_in:province": "województwo pomorskie",
        "name": "Obłuże",
        "name:de": "Oblusch",
        "name:pl": "Obłuże",
        "population": "18363",
        "population:date": "2019",
        "source:population": "http://stat.gov.pl/obszary-tematyczne/ludnosc/ludnosc/ludnosc-stan-i-struktura-ludnosci-oraz-ruch-naturalny-w-przekroju-terytorialnym-w-2013-r-stan-w-dniu-31-xii,6,12.html",
        "teryt:rm": "99",
        "teryt:simc": "0934317",
        "teryt:stan_na": "2009-01-01",
        "teryt:sympod": "0934100",
        "type": "boundary",
        "wikidata": "Q7984783",
        "wikipedia": "pl:Obłuże"
      },
      "geometry": {
        "type": "Polygon",
        "coordinates": [
          [
            [
              18.5078399,
              54.5633775
            ],
            [
              18.5076239,
              54.5633484
            ],
            [
              18.506778,
              54.5632577
            ],
            [
              18.5051306,
              54.5630849
            ],
            [
              18.5035716,
              54.5628411
            ],
            [
              18.5031394,
              54.562749
            ],
            [
              18.5027522,
              54.5626198
            ],
            [
              18.5023637,
              54.5624506
            ],
            [
              18.5020002,
              54.5622157
            ],
            [
              18.5017015,
              54.5617936
            ],
            [
              18.501527,
              54.5614672
            ],
            [
              18.5013514,
              54.5608785
            ],
            [
              18.5012328,
              54.5606067
            ],
            [
              18.5008234,
              54.5601275
            ],
            [
              18.5002464,
              54.5595865
            ],
            [
              18.5001417,
              54.5594301
            ],
            [
              18.4999482,
              54.5590249
            ],
            [
              18.4999501,
              54.5586242
            ],
            [
              18.5000778,
              54.5582198
            ],
            [
              18.5003099,
              54.5576931
            ],
            [
              18.5003895,
              54.5574286
            ],
            [
              18.5003727,
              54.5571168
            ],
            [
              18.5003875,
              54.5567543
            ],
            [
              18.5002856,
              54.5564502
            ],
            [
              18.49995,
              54.5558982
            ],
            [
              18.4997241,
              54.555635
            ],
            [
              18.4995112,
              54.5554361
            ],
            [
              18.4993899,
              54.5553603
            ],
            [
              18.4991663,
              54.5552207
            ],
            [
              18.4987566,
              54.5550522
            ],
            [
              18.4982557,
              54.5549257
            ],
            [
              18.4977035,
              54.554864
            ],
            [
              18.4947372,
              54.5546642
            ],
            [
              18.4947147,
              54.5546105
            ],
            [
              18.4945556,
              54.554636
            ],
            [
              18.4936946,
              54.5545666
            ],
            [
              18.4935251,
              54.5543059
            ],
            [
              18.4932311,
              54.5538539
            ],
            [
              18.4929781,
              54.5535147
            ],
            [
              18.4928347,
              54.5533303
            ],
            [
              18.4928053,
              54.5532839
            ],
            [
              18.4927188,
              54.5531704
            ],
            [
              18.4925715,
              54.5529773
            ],
            [
              18.4934281,
              54.5528288
            ],
            [
              18.4949286,
              54.5525688
            ],
            [
              18.4956949,
              54.5524092
            ],
            [
              18.4961323,
              54.5522919
            ],
            [
              18.4977751,
              54.5517275
            ],
            [
              18.4977056,
              54.5516524
            ],
            [
              18.4978141,
              54.5516175
            ],
            [
              18.4978648,
              54.5516974
            ],
            [
              18.4978868,
              54.551685
            ],
            [
              18.4981102,
              54.5516024
            ],
            [
              18.4996078,
              54.551055
            ],
            [
              18.5011141,
              54.5505166
            ],
            [
              18.5020734,
              54.5501735
            ],
            [
              18.5027968,
              54.5499121
            ],
            [
              18.5029384,
              54.549861
            ],
            [
              18.5043183,
              54.5493624
            ],
            [
              18.5048285,
              54.5492281
            ],
            [
              18.5053872,
              54.5491459
            ],
            [
              18.5056317,
              54.5491314
            ],
            [
              18.5064376,
              54.5490835
            ],
            [
              18.5080161,
              54.5490014
            ],
            [
              18.5086516,
              54.549006
            ],
            [
              18.5090456,
              54.5490005
            ],
            [
              18.5094905,
              54.548983
            ],
            [
              18.5098358,
              54.5489518
            ],
            [
              18.5101917,
              54.5489105
            ],
            [
              18.5106056,
              54.5488511
            ],
            [
              18.51109,
              54.5487543
            ],
            [
              18.5115729,
              54.5486372
            ],
            [
              18.5125357,
              54.5483602
            ],
            [
              18.5173371,
              54.5469677
            ],
            [
              18.5194354,
              54.5462504
            ],
            [
              18.5209067,
              54.5475788
            ],
            [
              18.5216517,
              54.5482287
            ],
            [
              18.5219205,
              54.5484552
            ],
            [
              18.5219662,
              54.5492354
            ],
            [
              18.5220105,
              54.5499921
            ],
            [
              18.52206,
              54.5501728
            ],
            [
              18.5220822,
              54.5507485
            ],
            [
              18.5221283,
              54.5509343
            ],
            [
              18.522223,
              54.5513165
            ],
            [
              18.5225512,
              54.5519913
            ],
            [
              18.5226135,
              54.5520856
            ],
            [
              18.5227238,
              54.5522577
            ],
            [
              18.5228686,
              54.5524372
            ],
            [
              18.5229516,
              54.5525401
            ],
            [
              18.5230152,
              54.5526189
            ],
            [
              18.5236131,
              54.5531981
            ],
            [
              18.5235433,
              54.5532216
            ],
            [
              18.524096,
              54.5537961
            ],
            [
              18.524123,
              54.5537869
            ],
            [
              18.524271,
              54.5539386
            ],
            [
              18.5247508,
              54.5543877
            ],
            [
              18.5248457,
              54.5544044
            ],
            [
              18.5250096,
              54.5545636
            ],
            [
              18.5266889,
              54.5539908
            ],
            [
              18.5273788,
              54.5538338
            ],
            [
              18.5300559,
              54.5535747
            ],
            [
              18.5300665,
              54.5535773
            ],
            [
              18.5301008,
              54.5536431
            ],
            [
              18.5323523,
              54.55901
            ],
            [
              18.5322708,
              54.559078
            ],
            [
              18.5329141,
              54.5605015
            ],
            [
              18.5339021,
              54.5626911
            ],
            [
              18.5340952,
              54.5633334
            ],
            [
              18.534277,
              54.5641156
            ],
            [
              18.5350392,
              54.5673047
            ],
            [
              18.5352976,
              54.5681812
            ],
            [
              18.5359201,
              54.5710995
            ],
            [
              18.5330597,
              54.570079
            ],
            [
              18.5305138,
              54.5691752
            ],
            [
              18.528789,
              54.5685601
            ],
            [
              18.5274586,
              54.5680853
            ],
            [
              18.5260147,
              54.5675656
            ],
            [
              18.5240747,
              54.5668801
            ],
            [
              18.5224237,
              54.5662877
            ],
            [
              18.5204023,
              54.565566
            ],
            [
              18.5188116,
              54.5649925
            ],
            [
              18.5174722,
              54.5645098
            ],
            [
              18.5163467,
              54.5641012
            ],
            [
              18.5158681,
              54.5639331
            ],
            [
              18.5146748,
              54.563509
            ],
            [
              18.5145206,
              54.5634542
            ],
            [
              18.5136906,
              54.563156
            ],
            [
              18.5135304,
              54.563079
            ],
            [
              18.5111489,
              54.5619098
            ],
            [
              18.5102161,
              54.5614575
            ],
            [
              18.5098491,
              54.5612774
            ],
            [
              18.5099178,
              54.5613705
            ],
            [
              18.5099714,
              54.5615961
            ],
            [
              18.5099736,
              54.5617498
            ],
            [
              18.5099409,
              54.5620165
            ],
            [
              18.5098375,
              54.5621284
            ],
            [
              18.5097217,
              54.5622714
            ],
            [
              18.509449,
              54.5625106
            ],
            [
              18.5088806,
              54.562879
            ],
            [
              18.5085781,
              54.5630412
            ],
            [
              18.5081353,
              54.5632033
            ],
            [
              18.5081179,
              54.5632097
            ],
            [
              18.508632,
              54.5633021
            ],
            [
              18.5086564,
              54.5634877
            ],
            [
              18.5078399,
              54.5633775
            ]
          ]
        ]
      },
      "id": "relation/2606796"
    },
    {
      "type": "Feature",
      "properties": {
        "@id": "relation/2606797",
        "admin_level": "9",
        "boundary": "administrative",
        "is_in:city": "Gdynia",
        "is_in:province": "województwo pomorskie",
        "name": "Oksywie",
        "type": "boundary"
      },
      "geometry": {
        "type": "Polygon",
        "coordinates": [
          [
            [
              18.5623073,
              54.5395505
            ],
            [
              18.5622316,
              54.5398845
            ],
            [
              18.5622195,
              54.5398873
            ],
            [
              18.5621833,
              54.5400443
            ],
            [
              18.5620857,
              54.540141
            ],
            [
              18.5604532,
              54.5410268
            ],
            [
              18.5602762,
              54.5418058
            ],
            [
              18.5603793,
              54.5418568
            ],
            [
              18.5604123,
              54.54306
            ],
            [
              18.5602273,
              54.5443664
            ],
            [
              18.5599607,
              54.5455952
            ],
            [
              18.5599738,
              54.5459956
            ],
            [
              18.5599254,
              54.5460848
            ],
            [
              18.559631,
              54.5471036
            ],
            [
              18.5598242,
              54.5472488
            ],
            [
              18.5598541,
              54.5474118
            ],
            [
              18.559833,
              54.5474642
            ],
            [
              18.5598001,
              54.5480173
            ],
            [
              18.5599808,
              54.5482968
            ],
            [
              18.5600838,
              54.5485789
            ],
            [
              18.5601208,
              54.5488239
            ],
            [
              18.5601232,
              54.5491884
            ],
            [
              18.5600792,
              54.5494441
            ],
            [
              18.559963,
              54.5498402
            ],
            [
              18.5596607,
              54.550595
            ],
            [
              18.5595067,
              54.5509958
            ],
            [
              18.5594311,
              54.5511092
            ],
            [
              18.5592147,
              54.5515686
            ],
            [
              18.5587822,
              54.5522542
            ],
            [
              18.5585329,
              54.5526093
            ],
            [
              18.5583097,
              54.5528248
            ],
            [
              18.5582334,
              54.5529198
            ],
            [
              18.5580513,
              54.5529973
            ],
            [
              18.5579829,
              54.5530905
            ],
            [
              18.5577226,
              54.5532212
            ],
            [
              18.5566681,
              54.5548102
            ],
            [
              18.5567226,
              54.5548237
            ],
            [
              18.5566907,
              54.5549253
            ],
            [
              18.555788,
              54.5560137
            ],
            [
              18.5557339,
              54.5560056
            ],
            [
              18.5557076,
              54.5560506
            ],
            [
              18.5557538,
              54.556064
            ],
            [
              18.5554168,
              54.5565287
            ],
            [
              18.5552802,
              54.5566771
            ],
            [
              18.5544649,
              54.5571509
            ],
            [
              18.554405,
              54.5572013
            ],
            [
              18.5540232,
              54.5575782
            ],
            [
              18.5535333,
              54.558153
            ],
            [
              18.553507,
              54.5581497
            ],
            [
              18.553502,
              54.5581568
            ],
            [
              18.5534668,
              54.558171
            ],
            [
              18.5534601,
              54.5581754
            ],
            [
              18.553505,
              54.5581896
            ],
            [
              18.5532981,
              54.5585671
            ],
            [
              18.553349,
              54.5585841
            ],
            [
              18.5529892,
              54.5589838
            ],
            [
              18.5529657,
              54.5590791
            ],
            [
              18.5527556,
              54.5591618
            ],
            [
              18.552604,
              54.5594449
            ],
            [
              18.5526837,
              54.5594673
            ],
            [
              18.5526105,
              54.559539
            ],
            [
              18.5520505,
              54.5605251
            ],
            [
              18.5518774,
              54.5608521
            ],
            [
              18.5495283,
              54.5607698
            ],
            [
              18.5495349,
              54.560637
            ],
            [
              18.5496556,
              54.5605705
            ],
            [
              18.5496577,
              54.5605252
            ],
            [
              18.5496457,
              54.5604625
            ],
            [
              18.5495553,
              54.5602544
            ],
            [
              18.5494845,
              54.5601761
            ],
            [
              18.5481233,
              54.5601375
            ],
            [
              18.5482002,
              54.5591496
            ],
            [
              18.5457593,
              54.5590833
            ],
            [
              18.5456867,
              54.5592448
            ],
            [
              18.5423723,
              54.5589892
            ],
            [
              18.5422666,
              54.559213
            ],
            [
              18.5410432,
              54.5593875
            ],
            [
              18.5335056,
              54.5604629
            ],
            [
              18.5332835,
              54.5604946
            ],
            [
              18.5332669,
              54.5604605
            ],
            [
              18.5329919,
              54.5604179
            ],
            [
              18.5329141,
              54.5605015
            ],
            [
              18.5322708,
              54.559078
            ],
            [
              18.5323523,
              54.55901
            ],
            [
              18.5301008,
              54.5536431
            ],
            [
              18.5300665,
              54.5535773
            ],
            [
              18.5300559,
              54.5535747
            ],
            [
              18.5273788,
              54.5538338
            ],
            [
              18.5266889,
              54.5539908
            ],
            [
              18.5250096,
              54.5545636
            ],
            [
              18.5248457,
              54.5544044
            ],
            [
              18.5247508,
              54.5543877
            ],
            [
              18.524271,
              54.5539386
            ],
            [
              18.524123,
              54.5537869
            ],
            [
              18.524096,
              54.5537961
            ],
            [
              18.5235433,
              54.5532216
            ],
            [
              18.5236131,
              54.5531981
            ],
            [
              18.5230152,
              54.5526189
            ],
            [
              18.5229516,
              54.5525401
            ],
            [
              18.5228686,
              54.5524372
            ],
            [
              18.5227238,
              54.5522577
            ],
            [
              18.5226135,
              54.5520856
            ],
            [
              18.5225512,
              54.5519913
            ],
            [
              18.522223,
              54.5513165
            ],
            [
              18.5221283,
              54.5509343
            ],
            [
              18.5220822,
              54.5507485
            ],
            [
              18.52206,
              54.5501728
            ],
            [
              18.5220105,
              54.5499921
            ],
            [
              18.5219662,
              54.5492354
            ],
            [
              18.5219205,
              54.5484552
            ],
            [
              18.5216517,
              54.5482287
            ],
            [
              18.5209067,
              54.5475788
            ],
            [
              18.5194354,
              54.5462504
            ],
            [
              18.5205848,
              54.5458581
            ],
            [
              18.5205151,
              54.5457754
            ],
            [
              18.520889,
              54.5457213
            ],
            [
              18.5217446,
              54.5455042
            ],
            [
              18.523025,
              54.5451061
            ],
            [
              18.5278838,
              54.5431908
            ],
            [
              18.5284307,
              54.5430675
            ],
            [
              18.5288705,
              54.5429931
            ],
            [
              18.5289057,
              54.5429841
            ],
            [
              18.5296018,
              54.5428987
            ],
            [
              18.5295986,
              54.5428475
            ],
            [
              18.5324941,
              54.5425848
            ],
            [
              18.5343803,
              54.5424
            ],
            [
              18.5353305,
              54.5423099
            ],
            [
              18.535329,
              54.5422963
            ],
            [
              18.5355392,
              54.5422767
            ],
            [
              18.535681,
              54.5422487
            ],
            [
              18.5359638,
              54.542229
            ],
            [
              18.5360389,
              54.5422191
            ],
            [
              18.5362564,
              54.5421979
            ],
            [
              18.5362408,
              54.5421372
            ],
            [
              18.5364852,
              54.5421469
            ],
            [
              18.5367809,
              54.5421279
            ],
            [
              18.5372527,
              54.5421145
            ],
            [
              18.5375766,
              54.542105
            ],
            [
              18.5417858,
              54.5423093
            ],
            [
              18.5417435,
              54.5418317
            ],
            [
              18.5410039,
              54.5418528
            ],
            [
              18.540609,
              54.5407326
            ],
            [
              18.5407056,
              54.5407196
            ],
            [
              18.5404178,
              54.5399811
            ],
            [
              18.5401084,
              54.5397635
            ],
            [
              18.5400934,
              54.539757
            ],
            [
              18.5446663,
              54.5369552
            ],
            [
              18.547879,
              54.5366662
            ],
            [
              18.5478061,
              54.5358365
            ],
            [
              18.5478055,
              54.5358218
            ],
            [
              18.5478258,
              54.5357963
            ],
            [
              18.5478398,
              54.5357851
            ],
            [
              18.5478606,
              54.5357745
            ],
            [
              18.5478829,
              54.5357686
            ],
            [
              18.5479139,
              54.535768
            ],
            [
              18.5479445,
              54.5357754
            ],
            [
              18.5479823,
              54.5357974
            ],
            [
              18.5480062,
              54.5358173
            ],
            [
              18.5480725,
              54.5366548
            ],
            [
              18.5481287,
              54.5366546
            ],
            [
              18.5482545,
              54.5367231
            ],
            [
              18.5485178,
              54.5369859
            ],
            [
              18.548871,
              54.5375798
            ],
            [
              18.5489667,
              54.537948
            ],
            [
              18.549182,
              54.5384482
            ],
            [
              18.5497061,
              54.5390776
            ],
            [
              18.5500212,
              54.5395444
            ],
            [
              18.553022,
              54.5387301
            ],
            [
              18.5530353,
              54.5387307
            ],
            [
              18.5530982,
              54.5388088
            ],
            [
              18.5530967,
              54.538817
            ],
            [
              18.5500806,
              54.5396364
            ],
            [
              18.5502143,
              54.5398365
            ],
            [
              18.5515117,
              54.540942
            ],
            [
              18.5536836,
              54.5403544
            ],
            [
              18.5537162,
              54.5403553
            ],
            [
              18.5537419,
              54.5403654
            ],
            [
              18.553754,
              54.5403811
            ],
            [
              18.5537538,
              54.5403981
            ],
            [
              18.5537351,
              54.5404153
            ],
            [
              18.5509682,
              54.5411635
            ],
            [
              18.5513666,
              54.5416637
            ],
            [
              18.5525795,
              54.5413384
            ],
            [
              18.5526267,
              54.54135
            ],
            [
              18.5526374,
              54.5413661
            ],
            [
              18.5526213,
              54.5413916
            ],
            [
              18.5514079,
              54.5417185
            ],
            [
              18.5517838,
              54.542188
            ],
            [
              18.5530118,
              54.5418552
            ],
            [
              18.553028,
              54.5418586
            ],
            [
              18.5530594,
              54.5418991
            ],
            [
              18.553053,
              54.5419097
            ],
            [
              18.5518267,
              54.5422428
            ],
            [
              18.5519564,
              54.5424038
            ],
            [
              18.5519935,
              54.5423935
            ],
            [
              18.5524179,
              54.5429242
            ],
            [
              18.553705,
              54.5425764
            ],
            [
              18.5537516,
              54.5425838
            ],
            [
              18.5537634,
              54.5426022
            ],
            [
              18.5537479,
              54.5426283
            ],
            [
              18.5524592,
              54.5429761
            ],
            [
              18.5530166,
              54.5436748
            ],
            [
              18.5571919,
              54.542544
            ],
            [
              18.556524,
              54.5417102
            ],
            [
              18.5565263,
              54.5417042
            ],
            [
              18.5565337,
              54.5416963
            ],
            [
              18.5565454,
              54.5416893
            ],
            [
              18.5565602,
              54.5416846
            ],
            [
              18.556583,
              54.5416806
            ],
            [
              18.5566099,
              54.5416811
            ],
            [
              18.5572818,
              54.5425211
            ],
            [
              18.5601628,
              54.5417427
            ],
            [
              18.5603369,
              54.5409303
            ],
            [
              18.5603534,
              54.5409308
            ],
            [
              18.5605654,
              54.5399462
            ],
            [
              18.5588512,
              54.5397644
            ],
            [
              18.5588254,
              54.539762
            ],
            [
              18.5588032,
              54.5397536
            ],
            [
              18.5587957,
              54.539745
            ],
            [
              18.5587901,
              54.5397338
            ],
            [
              18.5587949,
              54.5397212
            ],
            [
              18.5588143,
              54.5397091
            ],
            [
              18.5588409,
              54.5397042
            ],
            [
              18.5588661,
              54.5397058
            ],
            [
              18.5606642,
              54.5398955
            ],
            [
              18.5606763,
              54.5399062
            ],
            [
              18.5604697,
              54.54086
            ],
            [
              18.5605201,
              54.5408681
            ],
            [
              18.5620636,
              54.540034
            ],
            [
              18.5620769,
              54.5400351
            ],
            [
              18.562194,
              54.5395434
            ],
            [
              18.562269,
              54.53954
            ],
            [
              18.5623073,
              54.5395505
            ]
          ]
        ]
      },
      "id": "relation/2606797"
    },
    {
      "type": "Feature",
      "properties": {
        "@id": "relation/2606798",
        "admin_level": "9",
        "boundary": "administrative",
        "name": "Orłowo",
        "teryt:rm": "99",
        "teryt:simc": "0934234",
        "teryt:stan_na": "2009-01-01",
        "teryt:sympod": "0934100",
        "type": "boundary",
        "wikidata": "Q2032432",
        "wikipedia": "pl:Orłowo (Gdynia)"
      },
      "geometry": {
        "type": "Polygon",
        "coordinates": [
          [
            [
              18.5625317,
              54.4639307
            ],
            [
              18.5624849,
              54.464086
            ],
            [
              18.5625064,
              54.4645007
            ],
            [
              18.5626245,
              54.4649964
            ],
            [
              18.5627156,
              54.4653238
            ],
            [
              18.5629249,
              54.4661781
            ],
            [
              18.5629896,
              54.4663932
            ],
            [
              18.5629571,
              54.466652
            ],
            [
              18.5628497,
              54.4668733
            ],
            [
              18.5627481,
              54.4671869
            ],
            [
              18.5627371,
              54.4674968
            ],
            [
              18.5627264,
              54.4677462
            ],
            [
              18.5627157,
              54.4688935
            ],
            [
              18.5626352,
              54.4695575
            ],
            [
              18.5626352,
              54.4705239
            ],
            [
              18.5625976,
              54.4707889
            ],
            [
              18.5625172,
              54.4712097
            ],
            [
              18.5625225,
              54.4714217
            ],
            [
              18.5626244,
              54.471615
            ],
            [
              18.5627478,
              54.4720514
            ],
            [
              18.5626946,
              54.4729038
            ],
            [
              18.5628122,
              54.473504
            ],
            [
              18.562985,
              54.4741106
            ],
            [
              18.5632289,
              54.4748943
            ],
            [
              18.5633165,
              54.4753525
            ],
            [
              18.5633701,
              54.4756719
            ],
            [
              18.5634613,
              54.4761224
            ],
            [
              18.5637939,
              54.4769265
            ],
            [
              18.5638529,
              54.477447
            ],
            [
              18.5640407,
              54.4777525
            ],
            [
              18.5640755,
              54.4780283
            ],
            [
              18.5640675,
              54.4782917
            ],
            [
              18.5640702,
              54.4785862
            ],
            [
              18.5641238,
              54.4789462
            ],
            [
              18.5640943,
              54.4794308
            ],
            [
              18.5641533,
              54.4799513
            ],
            [
              18.5642434,
              54.4800748
            ],
            [
              18.5643024,
              54.4802048
            ],
            [
              18.5643611,
              54.480318
            ],
            [
              18.5644602,
              54.4805028
            ],
            [
              18.5645556,
              54.4805783
            ],
            [
              18.5646547,
              54.4806375
            ],
            [
              18.564858,
              54.4807566
            ],
            [
              18.5649301,
              54.4807781
            ],
            [
              18.5650079,
              54.4807932
            ],
            [
              18.5650456,
              54.4808239
            ],
            [
              18.5650678,
              54.4808684
            ],
            [
              18.5650841,
              54.4808873
            ],
            [
              18.5651166,
              54.4809047
            ],
            [
              18.5651451,
              54.4808996
            ],
            [
              18.5651709,
              54.4809407
            ],
            [
              18.5652008,
              54.4810996
            ],
            [
              18.5652062,
              54.4812585
            ],
            [
              18.5652714,
              54.4813451
            ],
            [
              18.5653551,
              54.4813928
            ],
            [
              18.5654836,
              54.4814268
            ],
            [
              18.5654707,
              54.4814667
            ],
            [
              18.5655348,
              54.4817406
            ],
            [
              18.5655467,
              54.4819594
            ],
            [
              18.5656601,
              54.4824928
            ],
            [
              18.5653774,
              54.4825756
            ],
            [
              18.5653317,
              54.482606
            ],
            [
              18.5649378,
              54.4827096
            ],
            [
              18.5647721,
              54.482757
            ],
            [
              18.5646204,
              54.4827928
            ],
            [
              18.5644446,
              54.4828375
            ],
            [
              18.5644334,
              54.4828295
            ],
            [
              18.5639643,
              54.4826021
            ],
            [
              18.5638366,
              54.4824522
            ],
            [
              18.56358,
              54.4821489
            ],
            [
              18.5634536,
              54.4819751
            ],
            [
              18.5633346,
              54.4818449
            ],
            [
              18.5631881,
              54.4816852
            ],
            [
              18.5629598,
              54.4817265
            ],
            [
              18.562839,
              54.4816913
            ],
            [
              18.5622852,
              54.481547
            ],
            [
              18.561434,
              54.4813215
            ],
            [
              18.5609907,
              54.4812125
            ],
            [
              18.5609459,
              54.4812027
            ],
            [
              18.5608931,
              54.4812553
            ],
            [
              18.5608457,
              54.4813459
            ],
            [
              18.5601483,
              54.4814627
            ],
            [
              18.5599975,
              54.4814545
            ],
            [
              18.560166,
              54.4814861
            ],
            [
              18.5598812,
              54.4815345
            ],
            [
              18.559686,
              54.4815755
            ],
            [
              18.5593068,
              54.4816551
            ],
            [
              18.5589993,
              54.48174
            ],
            [
              18.5587524,
              54.4818086
            ],
            [
              18.5585487,
              54.4818742
            ],
            [
              18.5582703,
              54.4819725
            ],
            [
              18.5580516,
              54.4820694
            ],
            [
              18.5577629,
              54.4821469
            ],
            [
              18.5577345,
              54.4821549
            ],
            [
              18.5576445,
              54.4821802
            ],
            [
              18.5574035,
              54.4822259
            ],
            [
              18.5567996,
              54.482496
            ],
            [
              18.5566286,
              54.4825872
            ],
            [
              18.5563325,
              54.4827411
            ],
            [
              18.5562752,
              54.4827698
            ],
            [
              18.5558077,
              54.4830485
            ],
            [
              18.5556013,
              54.4832035
            ],
            [
              18.5555153,
              54.4833919
            ],
            [
              18.5555074,
              54.4834985
            ],
            [
              18.5554959,
              54.4836553
            ],
            [
              18.5553702,
              54.4837936
            ],
            [
              18.5553512,
              54.4838145
            ],
            [
              18.555288,
              54.4838575
            ],
            [
              18.5550801,
              54.4838575
            ],
            [
              18.5550016,
              54.4838575
            ],
            [
              18.5549654,
              54.4838728
            ],
            [
              18.5549162,
              54.4838936
            ],
            [
              18.5545392,
              54.4840532
            ],
            [
              18.5542209,
              54.4841863
            ],
            [
              18.5541056,
              54.4842334
            ],
            [
              18.5539847,
              54.4842746
            ],
            [
              18.553827,
              54.4843148
            ],
            [
              18.5536484,
              54.4843292
            ],
            [
              18.5534134,
              54.4843482
            ],
            [
              18.5533467,
              54.4843743
            ],
            [
              18.5532535,
              54.484413
            ],
            [
              18.5531304,
              54.4844615
            ],
            [
              18.5529841,
              54.4845115
            ],
            [
              18.5528669,
              54.4845597
            ],
            [
              18.5527036,
              54.4846447
            ],
            [
              18.5525894,
              54.4847173
            ],
            [
              18.5521725,
              54.4849674
            ],
            [
              18.5519817,
              54.4850843
            ],
            [
              18.5518262,
              54.4851713
            ],
            [
              18.5516658,
              54.4852523
            ],
            [
              18.5510605,
              54.4855178
            ],
            [
              18.5511158,
              54.4855623
            ],
            [
              18.5498269,
              54.4861324
            ],
            [
              18.5498582,
              54.4861698
            ],
            [
              18.5501381,
              54.4865227
            ],
            [
              18.5493416,
              54.4868162
            ],
            [
              18.5481428,
              54.4872606
            ],
            [
              18.5477678,
              54.4873253
            ],
            [
              18.5474909,
              54.4875112
            ],
            [
              18.547393,
              54.4874356
            ],
            [
              18.5472322,
              54.4872954
            ],
            [
              18.5471166,
              54.4871486
            ],
            [
              18.5470564,
              54.4870501
            ],
            [
              18.5470261,
              54.4869992
            ],
            [
              18.5469792,
              54.4868154
            ],
            [
              18.5469682,
              54.486651
            ],
            [
              18.5469607,
              54.4864055
            ],
            [
              18.5469375,
              54.4862572
            ],
            [
              18.5468745,
              54.4861066
            ],
            [
              18.5467764,
              54.4859535
            ],
            [
              18.546647,
              54.4858098
            ],
            [
              18.5465147,
              54.485703
            ],
            [
              18.5465656,
              54.4856844
            ],
            [
              18.5464621,
              54.4856177
            ],
            [
              18.5455751,
              54.4859138
            ],
            [
              18.5452121,
              54.4860413
            ],
            [
              18.5448996,
              54.4861083
            ],
            [
              18.5447833,
              54.486116
            ],
            [
              18.5442524,
              54.4860812
            ],
            [
              18.5436774,
              54.4862925
            ],
            [
              18.5435863,
              54.4863314
            ],
            [
              18.5434545,
              54.4862138
            ],
            [
              18.542894,
              54.4864734
            ],
            [
              18.5421509,
              54.486665
            ],
            [
              18.5421258,
              54.4866715
            ],
            [
              18.5421034,
              54.4866148
            ],
            [
              18.5418193,
              54.4866356
            ],
            [
              18.541735,
              54.4868293
            ],
            [
              18.5413627,
              54.4868818
            ],
            [
              18.5407561,
              54.4869283
            ],
            [
              18.5406935,
              54.4869157
            ],
            [
              18.5405383,
              54.4868998
            ],
            [
              18.5404674,
              54.487051
            ],
            [
              18.5401941,
              54.4870344
            ],
            [
              18.539975,
              54.4870741
            ],
            [
              18.5398346,
              54.4870864
            ],
            [
              18.539795,
              54.4870877
            ],
            [
              18.5399236,
              54.486807
            ],
            [
              18.5398188,
              54.4867966
            ],
            [
              18.5396656,
              54.4867968
            ],
            [
              18.5394277,
              54.4868077
            ],
            [
              18.5394302,
              54.4867922
            ],
            [
              18.5392134,
              54.4867982
            ],
            [
              18.5390196,
              54.486828
            ],
            [
              18.5380556,
              54.4870959
            ],
            [
              18.5377179,
              54.4871378
            ],
            [
              18.5373471,
              54.4871495
            ],
            [
              18.5351048,
              54.4869435
            ],
            [
              18.5346503,
              54.4869244
            ],
            [
              18.5342819,
              54.4868893
            ],
            [
              18.5337423,
              54.4867983
            ],
            [
              18.5335531,
              54.4867444
            ],
            [
              18.5333542,
              54.4866679
            ],
            [
              18.5330702,
              54.4865168
            ],
            [
              18.5324374,
              54.485969
            ],
            [
              18.5320759,
              54.4857234
            ],
            [
              18.5315195,
              54.4855117
            ],
            [
              18.5310365,
              54.4853889
            ],
            [
              18.5309642,
              54.4853637
            ],
            [
              18.5308693,
              54.4853015
            ],
            [
              18.5309003,
              54.4852648
            ],
            [
              18.5311878,
              54.4849241
            ],
            [
              18.5314522,
              54.4846118
            ],
            [
              18.5324186,
              54.483467
            ],
            [
              18.5328454,
              54.4829637
            ],
            [
              18.5330521,
              54.4827166
            ],
            [
              18.5328079,
              54.4826452
            ],
            [
              18.5330646,
              54.4823412
            ],
            [
              18.53328,
              54.4820827
            ],
            [
              18.5333156,
              54.4820403
            ],
            [
              18.533576,
              54.4818739
            ],
            [
              18.5336049,
              54.4818394
            ],
            [
              18.5341139,
              54.4812307
            ],
            [
              18.5345726,
              54.4806745
            ],
            [
              18.5344755,
              54.4809842
            ],
            [
              18.5348344,
              54.4805607
            ],
            [
              18.5350314,
              54.4803294
            ],
            [
              18.5351673,
              54.4801383
            ],
            [
              18.5352469,
              54.4798982
            ],
            [
              18.5352224,
              54.4793025
            ],
            [
              18.5352148,
              54.4790627
            ],
            [
              18.5352454,
              54.4787923
            ],
            [
              18.535459,
              54.4786497
            ],
            [
              18.5355851,
              54.478738
            ],
            [
              18.5356002,
              54.4787486
            ],
            [
              18.5358533,
              54.4787441
            ],
            [
              18.536153,
              54.478656
            ],
            [
              18.536188,
              54.4786392
            ],
            [
              18.5361672,
              54.4786335
            ],
            [
              18.5362929,
              54.4785612
            ],
            [
              18.5364288,
              54.4784533
            ],
            [
              18.5364634,
              54.4784217
            ],
            [
              18.5365928,
              54.4782814
            ],
            [
              18.5366972,
              54.4781508
            ],
            [
              18.5368373,
              54.4779521
            ],
            [
              18.5370163,
              54.4777046
            ],
            [
              18.5372025,
              54.4774464
            ],
            [
              18.5372278,
              54.4774122
            ],
            [
              18.5373229,
              54.4772796
            ],
            [
              18.5374438,
              54.4771178
            ],
            [
              18.537682,
              54.4767878
            ],
            [
              18.5377989,
              54.4766231
            ],
            [
              18.5378705,
              54.4765265
            ],
            [
              18.5379844,
              54.4763593
            ],
            [
              18.5381214,
              54.4762306
            ],
            [
              18.538187,
              54.4761892
            ],
            [
              18.5383156,
              54.4761253
            ],
            [
              18.5385947,
              54.4760161
            ],
            [
              18.5389729,
              54.4759043
            ],
            [
              18.539299,
              54.4758071
            ],
            [
              18.5394738,
              54.4757582
            ],
            [
              18.5401816,
              54.4755476
            ],
            [
              18.5405104,
              54.4754506
            ],
            [
              18.5409232,
              54.4753267
            ],
            [
              18.5412829,
              54.4752205
            ],
            [
              18.5413716,
              54.4751999
            ],
            [
              18.5414318,
              54.4751943
            ],
            [
              18.5414902,
              54.4751879
            ],
            [
              18.5415612,
              54.4751717
            ],
            [
              18.5414714,
              54.4750888
            ],
            [
              18.5414423,
              54.4750619
            ],
            [
              18.5413893,
              54.4750701
            ],
            [
              18.5408716,
              54.4742942
            ],
            [
              18.5403331,
              54.4738426
            ],
            [
              18.5399763,
              54.4737481
            ],
            [
              18.5386991,
              54.4736838
            ],
            [
              18.5382007,
              54.4735619
            ],
            [
              18.5379694,
              54.4733968
            ],
            [
              18.5377382,
              54.4730648
            ],
            [
              18.5374816,
              54.4728981
            ],
            [
              18.5360134,
              54.4722382
            ],
            [
              18.5352467,
              54.472269
            ],
            [
              18.5348805,
              54.4721249
            ],
            [
              18.534322,
              54.4718128
            ],
            [
              18.5336874,
              54.4719114
            ],
            [
              18.5329388,
              54.4717822
            ],
            [
              18.5324001,
              54.4714738
            ],
            [
              18.5322709,
              54.4713122
            ],
            [
              18.531787,
              54.4709545
            ],
            [
              18.5310374,
              54.4706048
            ],
            [
              18.5307274,
              54.4704494
            ],
            [
              18.529607,
              54.4698887
            ],
            [
              18.5279325,
              54.4690708
            ],
            [
              18.5273502,
              54.4687854
            ],
            [
              18.5257906,
              54.4680019
            ],
            [
              18.5258225,
              54.4679104
            ],
            [
              18.5257853,
              54.4677405
            ],
            [
              18.5256429,
              54.4674919
            ],
            [
              18.5250114,
              54.4669415
            ],
            [
              18.5248263,
              54.466645
            ],
            [
              18.5252801,
              54.4663609
            ],
            [
              18.5256219,
              54.4662275
            ],
            [
              18.5257677,
              54.4662323
            ],
            [
              18.5271718,
              54.4656902
            ],
            [
              18.5273846,
              54.4655339
            ],
            [
              18.5274639,
              54.4653887
            ],
            [
              18.5275902,
              54.4650197
            ],
            [
              18.5277269,
              54.4646018
            ],
            [
              18.5281321,
              54.4643302
            ],
            [
              18.528377,
              54.4640885
            ],
            [
              18.5286405,
              54.4639585
            ],
            [
              18.5287854,
              54.4639328
            ],
            [
              18.5289973,
              54.4638857
            ],
            [
              18.5292855,
              54.4635784
            ],
            [
              18.5295179,
              54.463243
            ],
            [
              18.5295037,
              54.4630645
            ],
            [
              18.5296469,
              54.4631003
            ],
            [
              18.5301667,
              54.4631518
            ],
            [
              18.5305852,
              54.4632129
            ],
            [
              18.5309191,
              54.4633305
            ],
            [
              18.5314008,
              54.4635514
            ],
            [
              18.5319747,
              54.4637015
            ],
            [
              18.5324486,
              54.4637582
            ],
            [
              18.5324493,
              54.4637189
            ],
            [
              18.5331338,
              54.4637082
            ],
            [
              18.5336024,
              54.4637042
            ],
            [
              18.5338825,
              54.4637555
            ],
            [
              18.534254,
              54.4638119
            ],
            [
              18.5344787,
              54.4636985
            ],
            [
              18.5349646,
              54.463221
            ],
            [
              18.5351301,
              54.4630631
            ],
            [
              18.5355344,
              54.4627466
            ],
            [
              18.5360399,
              54.4623823
            ],
            [
              18.5366147,
              54.4619681
            ],
            [
              18.5368812,
              54.4616931
            ],
            [
              18.537268,
              54.4614362
            ],
            [
              18.537735,
              54.4612405
            ],
            [
              18.5388259,
              54.4609601
            ],
            [
              18.5397162,
              54.4607982
            ],
            [
              18.53943,
              54.4606497
            ],
            [
              18.5396615,
              54.4605376
            ],
            [
              18.5399982,
              54.4605224
            ],
            [
              18.5403221,
              54.4605411
            ],
            [
              18.5404774,
              54.4605109
            ],
            [
              18.5407565,
              54.4605025
            ],
            [
              18.5435888,
              54.4604447
            ],
            [
              18.5435883,
              54.4604359
            ],
            [
              18.5440546,
              54.460443
            ],
            [
              18.5445332,
              54.4604496
            ],
            [
              18.5452174,
              54.4604022
            ],
            [
              18.5454268,
              54.4604879
            ],
            [
              18.5455793,
              54.460734
            ],
            [
              18.5456949,
              54.4607519
            ],
            [
              18.5458959,
              54.4607987
            ],
            [
              18.5462805,
              54.4609374
            ],
            [
              18.5469573,
              54.4611882
            ],
            [
              18.5474639,
              54.4613722
            ],
            [
              18.5474637,
              54.4614559
            ],
            [
              18.5479008,
              54.4614575
            ],
            [
              18.5480078,
              54.4613854
            ],
            [
              18.548547,
              54.4612124
            ],
            [
              18.5486937,
              54.4613034
            ],
            [
              18.5487149,
              54.4613602
            ],
            [
              18.5503076,
              54.4616137
            ],
            [
              18.5503674,
              54.4618111
            ],
            [
              18.5504809,
              54.4618258
            ],
            [
              18.5507123,
              54.4618389
            ],
            [
              18.5511686,
              54.4618958
            ],
            [
              18.5512037,
              54.4619201
            ],
            [
              18.5512841,
              54.4619216
            ],
            [
              18.5513007,
              54.4619574
            ],
            [
              18.5513413,
              54.4619777
            ],
            [
              18.5513721,
              54.461964
            ],
            [
              18.5520405,
              54.4620541
            ],
            [
              18.5524399,
              54.4621791
            ],
            [
              18.5526349,
              54.4622314
            ],
            [
              18.552625,
              54.4622536
            ],
            [
              18.5526323,
              54.462281
            ],
            [
              18.5526695,
              54.4623458
            ],
            [
              18.5529768,
              54.4623065
            ],
            [
              18.553173,
              54.4622656
            ],
            [
              18.5534641,
              54.4622407
            ],
            [
              18.553691,
              54.4622629
            ],
            [
              18.5538029,
              54.4622675
            ],
            [
              18.5538301,
              54.4622672
            ],
            [
              18.5539229,
              54.4622542
            ],
            [
              18.5539788,
              54.4622352
            ],
            [
              18.5540373,
              54.4622307
            ],
            [
              18.5541138,
              54.4621994
            ],
            [
              18.5542024,
              54.4622053
            ],
            [
              18.5542505,
              54.4622095
            ],
            [
              18.5543043,
              54.4622359
            ],
            [
              18.5543549,
              54.4622331
            ],
            [
              18.5544047,
              54.4622584
            ],
            [
              18.5544911,
              54.4622612
            ],
            [
              18.5545266,
              54.4622273
            ],
            [
              18.5545924,
              54.4622326
            ],
            [
              18.5546725,
              54.4622215
            ],
            [
              18.5547558,
              54.4622298
            ],
            [
              18.5548362,
              54.4622015
            ],
            [
              18.5549381,
              54.4621987
            ],
            [
              18.5550074,
              54.4622133
            ],
            [
              18.555282,
              54.4622204
            ],
            [
              18.5553247,
              54.462235
            ],
            [
              18.5553295,
              54.4623382
            ],
            [
              18.5554369,
              54.4624773
            ],
            [
              18.5555427,
              54.462538
            ],
            [
              18.5556394,
              54.4625431
            ],
            [
              18.5557456,
              54.4625727
            ],
            [
              18.5558465,
              54.4626017
            ],
            [
              18.5561606,
              54.4627222
            ],
            [
              18.5561659,
              54.4627491
            ],
            [
              18.5561339,
              54.4627912
            ],
            [
              18.5561562,
              54.4628273
            ],
            [
              18.5561479,
              54.4628429
            ],
            [
              18.5561285,
              54.4628829
            ],
            [
              18.5561805,
              54.4629347
            ],
            [
              18.5563171,
              54.4628871
            ],
            [
              18.5562427,
              54.4629522
            ],
            [
              18.556443,
              54.4629652
            ],
            [
              18.556474,
              54.4629592
            ],
            [
              18.5565523,
              54.4629399
            ],
            [
              18.5565353,
              54.462931
            ],
            [
              18.5566102,
              54.4629345
            ],
            [
              18.55671,
              54.4629683
            ],
            [
              18.5567935,
              54.4629963
            ],
            [
              18.5569042,
              54.4630026
            ],
            [
              18.5569513,
              54.4630319
            ],
            [
              18.5569666,
              54.4630542
            ],
            [
              18.5570324,
              54.4630505
            ],
            [
              18.5570839,
              54.4630272
            ],
            [
              18.557127,
              54.4630275
            ],
            [
              18.5571811,
              54.4630451
            ],
            [
              18.5571969,
              54.4630803
            ],
            [
              18.5572608,
              54.4631063
            ],
            [
              18.5573246,
              54.4631223
            ],
            [
              18.5573119,
              54.463224
            ],
            [
              18.5574284,
              54.463296
            ],
            [
              18.557443,
              54.4633088
            ],
            [
              18.5575235,
              54.4634318
            ],
            [
              18.5576226,
              54.4634331
            ],
            [
              18.5576937,
              54.4634858
            ],
            [
              18.5577254,
              54.4634996
            ],
            [
              18.5577851,
              54.4634806
            ],
            [
              18.5578491,
              54.4634942
            ],
            [
              18.5579107,
              54.4634926
            ],
            [
              18.5578806,
              54.4634682
            ],
            [
              18.5578756,
              54.4634447
            ],
            [
              18.5579393,
              54.4633932
            ],
            [
              18.5579781,
              54.4633766
            ],
            [
              18.5581365,
              54.4633887
            ],
            [
              18.5580803,
              54.4634217
            ],
            [
              18.5581081,
              54.4634502
            ],
            [
              18.5581354,
              54.4634739
            ],
            [
              18.5581978,
              54.4634459
            ],
            [
              18.5582291,
              54.4634342
            ],
            [
              18.5583386,
              54.4633823
            ],
            [
              18.558433,
              54.4633944
            ],
            [
              18.5584596,
              54.4633912
            ],
            [
              18.5585682,
              54.4633776
            ],
            [
              18.5586745,
              54.4634166
            ],
            [
              18.5586974,
              54.4634467
            ],
            [
              18.5586766,
              54.4635159
            ],
            [
              18.5586603,
              54.4635678
            ],
            [
              18.5586524,
              54.4636206
            ],
            [
              18.5587156,
              54.4636622
            ],
            [
              18.5588114,
              54.4636905
            ],
            [
              18.5589904,
              54.463683
            ],
            [
              18.5591325,
              54.463665
            ],
            [
              18.5592473,
              54.4636874
            ],
            [
              18.5594031,
              54.4636961
            ],
            [
              18.559594,
              54.4636742
            ],
            [
              18.5596742,
              54.4636287
            ],
            [
              18.5597632,
              54.463604
            ],
            [
              18.5598535,
              54.4636041
            ],
            [
              18.559971,
              54.463631
            ],
            [
              18.5600449,
              54.4636494
            ],
            [
              18.5601664,
              54.46368
            ],
            [
              18.5602447,
              54.4637058
            ],
            [
              18.5604165,
              54.4636904
            ],
            [
              18.5604837,
              54.4637265
            ],
            [
              18.5605907,
              54.4637615
            ],
            [
              18.5606154,
              54.4637963
            ],
            [
              18.560687,
              54.4638369
            ],
            [
              18.5608803,
              54.4639448
            ],
            [
              18.5609403,
              54.4639583
            ],
            [
              18.560952,
              54.4639777
            ],
            [
              18.5609891,
              54.4639734
            ],
            [
              18.5611415,
              54.4639591
            ],
            [
              18.5612556,
              54.4639653
            ],
            [
              18.5614052,
              54.4639734
            ],
            [
              18.5621678,
              54.4639129
            ],
            [
              18.5625317,
              54.4639307
            ]
          ]
        ]
      },
      "id": "relation/2606798"
    },
    {
      "type": "Feature",
      "properties": {
        "@id": "relation/2606799",
        "admin_level": "9",
        "boundary": "administrative",
        "is_in:city": "Gdynia",
        "is_in:province": "województwo pomorskie",
        "name": "Pogórze",
        "name:de": "Pogorsch",
        "name:pl": "Pogórze",
        "type": "boundary"
      },
      "geometry": {
        "type": "Polygon",
        "coordinates": [
          [
            [
              18.4729436,
              54.5511005
            ],
            [
              18.472643,
              54.5514185
            ],
            [
              18.4725472,
              54.5515838
            ],
            [
              18.4724859,
              54.5516896
            ],
            [
              18.4724017,
              54.5518445
            ],
            [
              18.4722505,
              54.5521827
            ],
            [
              18.4721966,
              54.5523031
            ],
            [
              18.4721573,
              54.5527837
            ],
            [
              18.472181,
              54.5528871
            ],
            [
              18.4727805,
              54.5535674
            ],
            [
              18.4733676,
              54.5542081
            ],
            [
              18.4734209,
              54.5541847
            ],
            [
              18.4734737,
              54.5541615
            ],
            [
              18.4738282,
              54.5544757
            ],
            [
              18.4742205,
              54.5547477
            ],
            [
              18.4746587,
              54.5549842
            ],
            [
              18.4751571,
              54.5551741
            ],
            [
              18.4753381,
              54.5552241
            ],
            [
              18.4757931,
              54.5553499
            ],
            [
              18.4763198,
              54.5554441
            ],
            [
              18.4769075,
              54.5555013
            ],
            [
              18.4773339,
              54.5555057
            ],
            [
              18.4777718,
              54.5554903
            ],
            [
              18.478317,
              54.5554463
            ],
            [
              18.4792401,
              54.5552936
            ],
            [
              18.4813268,
              54.5549269
            ],
            [
              18.48145,
              54.5548737
            ],
            [
              18.4814657,
              54.5549008
            ],
            [
              18.489175,
              54.5535671
            ],
            [
              18.4891379,
              54.5535219
            ],
            [
              18.4892505,
              54.5534979
            ],
            [
              18.489277,
              54.5535136
            ],
            [
              18.4914122,
              54.5531434
            ],
            [
              18.4925127,
              54.5529526
            ],
            [
              18.4925355,
              54.5529822
            ],
            [
              18.4925715,
              54.5529773
            ],
            [
              18.4927188,
              54.5531704
            ],
            [
              18.4928053,
              54.5532839
            ],
            [
              18.4928347,
              54.5533303
            ],
            [
              18.4929781,
              54.5535147
            ],
            [
              18.4932311,
              54.5538539
            ],
            [
              18.4935251,
              54.5543059
            ],
            [
              18.4936946,
              54.5545666
            ],
            [
              18.4945556,
              54.554636
            ],
            [
              18.4947147,
              54.5546105
            ],
            [
              18.4947372,
              54.5546642
            ],
            [
              18.4977035,
              54.554864
            ],
            [
              18.4982557,
              54.5549257
            ],
            [
              18.4987566,
              54.5550522
            ],
            [
              18.4991663,
              54.5552207
            ],
            [
              18.4993899,
              54.5553603
            ],
            [
              18.4995112,
              54.5554361
            ],
            [
              18.4997241,
              54.555635
            ],
            [
              18.49995,
              54.5558982
            ],
            [
              18.5002856,
              54.5564502
            ],
            [
              18.5003875,
              54.5567543
            ],
            [
              18.5003727,
              54.5571168
            ],
            [
              18.5003895,
              54.5574286
            ],
            [
              18.5003099,
              54.5576931
            ],
            [
              18.5000778,
              54.5582198
            ],
            [
              18.4999501,
              54.5586242
            ],
            [
              18.4999482,
              54.5590249
            ],
            [
              18.5001417,
              54.5594301
            ],
            [
              18.5002464,
              54.5595865
            ],
            [
              18.5008234,
              54.5601275
            ],
            [
              18.5012328,
              54.5606067
            ],
            [
              18.5013514,
              54.5608785
            ],
            [
              18.501527,
              54.5614672
            ],
            [
              18.5017015,
              54.5617936
            ],
            [
              18.5020002,
              54.5622157
            ],
            [
              18.5023637,
              54.5624506
            ],
            [
              18.5027522,
              54.5626198
            ],
            [
              18.5031394,
              54.562749
            ],
            [
              18.5035716,
              54.5628411
            ],
            [
              18.5051306,
              54.5630849
            ],
            [
              18.506778,
              54.5632577
            ],
            [
              18.5076239,
              54.5633484
            ],
            [
              18.5078399,
              54.5633775
            ],
            [
              18.5077051,
              54.5635104
            ],
            [
              18.5070694,
              54.5637147
            ],
            [
              18.5065552,
              54.5637634
            ],
            [
              18.5062845,
              54.5637496
            ],
            [
              18.5061939,
              54.5637557
            ],
            [
              18.5059666,
              54.5637625
            ],
            [
              18.5057198,
              54.5637598
            ],
            [
              18.504258,
              54.5636294
            ],
            [
              18.502881,
              54.563522
            ],
            [
              18.5013966,
              54.56336
            ],
            [
              18.5005181,
              54.5633001
            ],
            [
              18.49945,
              54.5632199
            ],
            [
              18.4991666,
              54.5632382
            ],
            [
              18.4982951,
              54.5632216
            ],
            [
              18.498087,
              54.563184
            ],
            [
              18.4963108,
              54.5631268
            ],
            [
              18.4929886,
              54.5630718
            ],
            [
              18.492587,
              54.5630095
            ],
            [
              18.4905116,
              54.5629529
            ],
            [
              18.4889788,
              54.5629111
            ],
            [
              18.4884985,
              54.562895
            ],
            [
              18.4880988,
              54.5629036
            ],
            [
              18.4877558,
              54.5629335
            ],
            [
              18.4874152,
              54.5629851
            ],
            [
              18.4869838,
              54.5630758
            ],
            [
              18.4865443,
              54.5632195
            ],
            [
              18.4865466,
              54.563258
            ],
            [
              18.4857893,
              54.5634896
            ],
            [
              18.4857699,
              54.5634787
            ],
            [
              18.4855944,
              54.5635121
            ],
            [
              18.484042,
              54.5639568
            ],
            [
              18.4838945,
              54.5639838
            ],
            [
              18.4833944,
              54.564113
            ],
            [
              18.4834125,
              54.5641406
            ],
            [
              18.4832166,
              54.5641981
            ],
            [
              18.4832033,
              54.5641777
            ],
            [
              18.4831766,
              54.5641382
            ],
            [
              18.4829721,
              54.5641935
            ],
            [
              18.4829853,
              54.5642158
            ],
            [
              18.4827446,
              54.5642936
            ],
            [
              18.4828162,
              54.5643178
            ],
            [
              18.4827807,
              54.5643491
            ],
            [
              18.4825393,
              54.564611
            ],
            [
              18.4823542,
              54.5644208
            ],
            [
              18.4821837,
              54.5642591
            ],
            [
              18.4821839,
              54.5642447
            ],
            [
              18.4823487,
              54.5641483
            ],
            [
              18.4821712,
              54.5640949
            ],
            [
              18.4820592,
              54.5639198
            ],
            [
              18.4817105,
              54.5636384
            ],
            [
              18.4814335,
              54.5633962
            ],
            [
              18.4812867,
              54.5632672
            ],
            [
              18.4812582,
              54.5631741
            ],
            [
              18.481013,
              54.562984
            ],
            [
              18.4808718,
              54.5628098
            ],
            [
              18.48063,
              54.5625327
            ],
            [
              18.4801164,
              54.5625411
            ],
            [
              18.4796716,
              54.5625998
            ],
            [
              18.4793127,
              54.5627288
            ],
            [
              18.4790571,
              54.5628583
            ],
            [
              18.4789507,
              54.562963
            ],
            [
              18.4789312,
              54.5630564
            ],
            [
              18.4793393,
              54.563365
            ],
            [
              18.4792226,
              54.5634957
            ],
            [
              18.4789549,
              54.5636358
            ],
            [
              18.4788598,
              54.5636701
            ],
            [
              18.4787529,
              54.5637087
            ],
            [
              18.4785462,
              54.5637269
            ],
            [
              18.4779383,
              54.5636818
            ],
            [
              18.4777202,
              54.5636596
            ],
            [
              18.4772735,
              54.5636466
            ],
            [
              18.4768895,
              54.5637378
            ],
            [
              18.4765541,
              54.5637438
            ],
            [
              18.4763968,
              54.5637596
            ],
            [
              18.4760558,
              54.5636992
            ],
            [
              18.4757887,
              54.5635812
            ],
            [
              18.4755562,
              54.5634697
            ],
            [
              18.4755247,
              54.5630087
            ],
            [
              18.4755311,
              54.5628654
            ],
            [
              18.4755163,
              54.5627369
            ],
            [
              18.475452,
              54.5625529
            ],
            [
              18.4749661,
              54.5623262
            ],
            [
              18.4748241,
              54.5622857
            ],
            [
              18.4746203,
              54.5622153
            ],
            [
              18.4744175,
              54.5621411
            ],
            [
              18.4742338,
              54.5620761
            ],
            [
              18.4741368,
              54.5620125
            ],
            [
              18.4728614,
              54.5614452
            ],
            [
              18.4727446,
              54.5614356
            ],
            [
              18.4722708,
              54.5612605
            ],
            [
              18.4720913,
              54.5610855
            ],
            [
              18.4719532,
              54.5610239
            ],
            [
              18.4718381,
              54.5608827
            ],
            [
              18.4711195,
              54.5606337
            ],
            [
              18.4699081,
              54.5607597
            ],
            [
              18.4688037,
              54.5613153
            ],
            [
              18.4675343,
              54.5614
            ],
            [
              18.4662011,
              54.5614648
            ],
            [
              18.4652311,
              54.5619078
            ],
            [
              18.4646947,
              54.5620192
            ],
            [
              18.4639621,
              54.5621669
            ],
            [
              18.4633527,
              54.5624254
            ],
            [
              18.4622262,
              54.5624996
            ],
            [
              18.4629471,
              54.5622722
            ],
            [
              18.4624184,
              54.5618125
            ],
            [
              18.4619079,
              54.5613715
            ],
            [
              18.4619346,
              54.5613616
            ],
            [
              18.4621271,
              54.5614723
            ],
            [
              18.4624952,
              54.5612356
            ],
            [
              18.4646011,
              54.5600594
            ],
            [
              18.4645856,
              54.5599842
            ],
            [
              18.4629489,
              54.5584437
            ],
            [
              18.4618146,
              54.5573813
            ],
            [
              18.4608803,
              54.5576515
            ],
            [
              18.4602583,
              54.5560073
            ],
            [
              18.46027,
              54.5559654
            ],
            [
              18.4601894,
              54.5557669
            ],
            [
              18.4613811,
              54.5555186
            ],
            [
              18.4638368,
              54.5548328
            ],
            [
              18.4677328,
              54.553702
            ],
            [
              18.4688269,
              54.5533683
            ],
            [
              18.4686874,
              54.5532441
            ],
            [
              18.468513,
              54.5530569
            ],
            [
              18.4696916,
              54.5525312
            ],
            [
              18.4712486,
              54.5518437
            ],
            [
              18.4729436,
              54.5511005
            ]
          ]
        ]
      },
      "id": "relation/2606799"
    },
    {
      "type": "Feature",
      "properties": {
        "@id": "relation/2606800",
        "admin_level": "9",
        "boundary": "administrative",
        "name": "Pustki Cisowskie-Demptowo",
        "population": "8218",
        "population:date": "2019",
        "source:population": "http://stat.gov.pl/obszary-tematyczne/ludnosc/ludnosc/ludnosc-stan-i-struktura-ludnosci-oraz-ruch-naturalny-w-przekroju-terytorialnym-w-2013-r-stan-w-dniu-31-xii,6,12.html",
        "teryt:rm": "99",
        "teryt:simc": "0934381",
        "teryt:stan_na": "2009-01-01",
        "teryt:sympod": "0934100",
        "type": "boundary",
        "wikidata": "Q11831914",
        "wikipedia": "pl:Pustki Cisowskie"
      },
      "geometry": {
        "type": "Polygon",
        "coordinates": [
          [
            [
              18.3906562,
              54.5361495
            ],
            [
              18.4003218,
              54.5355375
            ],
            [
              18.4031407,
              54.5367297
            ],
            [
              18.4044444,
              54.536362
            ],
            [
              18.4031591,
              54.5341767
            ],
            [
              18.4013506,
              54.5329417
            ],
            [
              18.4014299,
              54.5323345
            ],
            [
              18.4018974,
              54.5315149
            ],
            [
              18.4024604,
              54.5308978
            ],
            [
              18.4037285,
              54.5305491
            ],
            [
              18.4048437,
              54.5297395
            ],
            [
              18.4050324,
              54.5294317
            ],
            [
              18.4169911,
              54.5242765
            ],
            [
              18.4135085,
              54.5217376
            ],
            [
              18.4150887,
              54.5206169
            ],
            [
              18.4164107,
              54.5215605
            ],
            [
              18.417207,
              54.5216367
            ],
            [
              18.4174237,
              54.522142
            ],
            [
              18.4180045,
              54.52276
            ],
            [
              18.418314,
              54.523321
            ],
            [
              18.4184613,
              54.5233832
            ],
            [
              18.4200114,
              54.5226735
            ],
            [
              18.4194813,
              54.5223412
            ],
            [
              18.4194097,
              54.5222934
            ],
            [
              18.4191317,
              54.522163
            ],
            [
              18.4187645,
              54.5219906
            ],
            [
              18.4184123,
              54.5217829
            ],
            [
              18.4182444,
              54.5216121
            ],
            [
              18.4179329,
              54.5212232
            ],
            [
              18.4177658,
              54.5210663
            ],
            [
              18.4173796,
              54.5208524
            ],
            [
              18.4162977,
              54.5204365
            ],
            [
              18.4157779,
              54.5202666
            ],
            [
              18.4144541,
              54.519833
            ],
            [
              18.4129083,
              54.5194477
            ],
            [
              18.4129158,
              54.5193582
            ],
            [
              18.4135219,
              54.5192813
            ],
            [
              18.4133661,
              54.5190559
            ],
            [
              18.4133733,
              54.5189884
            ],
            [
              18.4133942,
              54.5187915
            ],
            [
              18.4133582,
              54.5186375
            ],
            [
              18.4135063,
              54.518174
            ],
            [
              18.4133801,
              54.5179172
            ],
            [
              18.4133995,
              54.5175931
            ],
            [
              18.4127646,
              54.5166544
            ],
            [
              18.412073,
              54.5158013
            ],
            [
              18.412687,
              54.5151903
            ],
            [
              18.4145608,
              54.5152
            ],
            [
              18.4150825,
              54.5153732
            ],
            [
              18.41508,
              54.5156261
            ],
            [
              18.4153984,
              54.5155987
            ],
            [
              18.4157451,
              54.5156024
            ],
            [
              18.4161159,
              54.5155889
            ],
            [
              18.4163251,
              54.5155806
            ],
            [
              18.4169092,
              54.5156708
            ],
            [
              18.4176632,
              54.5155687
            ],
            [
              18.4181574,
              54.51552
            ],
            [
              18.4189934,
              54.515531
            ],
            [
              18.4190302,
              54.5153612
            ],
            [
              18.4192241,
              54.5150609
            ],
            [
              18.419571,
              54.5146924
            ],
            [
              18.4203083,
              54.5141149
            ],
            [
              18.4207464,
              54.5137202
            ],
            [
              18.4209586,
              54.513368
            ],
            [
              18.4216326,
              54.5131593
            ],
            [
              18.4218625,
              54.5129467
            ],
            [
              18.4221083,
              54.5126444
            ],
            [
              18.4225807,
              54.5123692
            ],
            [
              18.4232691,
              54.5123167
            ],
            [
              18.4239583,
              54.5121084
            ],
            [
              18.4245299,
              54.5120008
            ],
            [
              18.4249791,
              54.5120583
            ],
            [
              18.4254399,
              54.5122258
            ],
            [
              18.4260792,
              54.5123192
            ],
            [
              18.4262787,
              54.512582
            ],
            [
              18.4265312,
              54.5127014
            ],
            [
              18.4277085,
              54.5129014
            ],
            [
              18.4281578,
              54.5129504
            ],
            [
              18.4321566,
              54.5130566
            ],
            [
              18.4327738,
              54.5131115
            ],
            [
              18.4337725,
              54.5132859
            ],
            [
              18.4352671,
              54.5134552
            ],
            [
              18.435373,
              54.513561
            ],
            [
              18.4355596,
              54.5136966
            ],
            [
              18.4358222,
              54.5138896
            ],
            [
              18.4364714,
              54.5142221
            ],
            [
              18.4378744,
              54.5149306
            ],
            [
              18.4388824,
              54.5157951
            ],
            [
              18.4452045,
              54.5132761
            ],
            [
              18.446918,
              54.5125973
            ],
            [
              18.446988,
              54.5125596
            ],
            [
              18.4521645,
              54.5104829
            ],
            [
              18.4584401,
              54.5079559
            ],
            [
              18.4584841,
              54.5080516
            ],
            [
              18.4586553,
              54.5080775
            ],
            [
              18.4593669,
              54.5080796
            ],
            [
              18.4595976,
              54.5080795
            ],
            [
              18.4601592,
              54.5080795
            ],
            [
              18.4602615,
              54.5080785
            ],
            [
              18.4605978,
              54.5080813
            ],
            [
              18.4620431,
              54.5082189
            ],
            [
              18.4685485,
              54.5085828
            ],
            [
              18.4765803,
              54.5090355
            ],
            [
              18.4770283,
              54.5090602
            ],
            [
              18.4771816,
              54.5092964
            ],
            [
              18.4784005,
              54.5098814
            ],
            [
              18.4785458,
              54.5100272
            ],
            [
              18.4788766,
              54.5106934
            ],
            [
              18.4791386,
              54.5111488
            ],
            [
              18.4794669,
              54.5115285
            ],
            [
              18.4796575,
              54.5118123
            ],
            [
              18.4799454,
              54.5121549
            ],
            [
              18.4800416,
              54.5123072
            ],
            [
              18.4801044,
              54.5124315
            ],
            [
              18.4800895,
              54.5124766
            ],
            [
              18.4798324,
              54.512604
            ],
            [
              18.4794,
              54.51303
            ],
            [
              18.4780209,
              54.5154428
            ],
            [
              18.4788951,
              54.5161054
            ],
            [
              18.4817608,
              54.5168244
            ],
            [
              18.4825623,
              54.5178957
            ],
            [
              18.4816637,
              54.5183609
            ],
            [
              18.4802066,
              54.5203203
            ],
            [
              18.4768794,
              54.5222795
            ],
            [
              18.476762,
              54.5223841
            ],
            [
              18.4766798,
              54.5225055
            ],
            [
              18.4765228,
              54.5227637
            ],
            [
              18.4760407,
              54.5231556
            ],
            [
              18.4758053,
              54.5233103
            ],
            [
              18.4756442,
              54.5233679
            ],
            [
              18.4752774,
              54.523443
            ],
            [
              18.4749867,
              54.5234798
            ],
            [
              18.4745564,
              54.5236193
            ],
            [
              18.4743789,
              54.5237406
            ],
            [
              18.474289,
              54.5239001
            ],
            [
              18.4741674,
              54.5242958
            ],
            [
              18.4738215,
              54.5249318
            ],
            [
              18.4734909,
              54.5252289
            ],
            [
              18.4734143,
              54.525528
            ],
            [
              18.4730496,
              54.5259973
            ],
            [
              18.4728796,
              54.5261209
            ],
            [
              18.472677,
              54.5262074
            ],
            [
              18.4723704,
              54.526258
            ],
            [
              18.4717414,
              54.5262841
            ],
            [
              18.4714774,
              54.5263002
            ],
            [
              18.4713503,
              54.5263469
            ],
            [
              18.4712631,
              54.5264344
            ],
            [
              18.47102,
              54.5267119
            ],
            [
              18.4705859,
              54.5270623
            ],
            [
              18.4704703,
              54.5271276
            ],
            [
              18.4703197,
              54.5271659
            ],
            [
              18.4701003,
              54.5271904
            ],
            [
              18.4697515,
              54.5272318
            ],
            [
              18.4692969,
              54.5273009
            ],
            [
              18.468938,
              54.5273632
            ],
            [
              18.4688188,
              54.5274013
            ],
            [
              18.4687804,
              54.5274201
            ],
            [
              18.4687765,
              54.5274412
            ],
            [
              18.468787,
              54.5274726
            ],
            [
              18.4688254,
              54.5274952
            ],
            [
              18.468861,
              54.527501
            ],
            [
              18.4689789,
              54.5275021
            ],
            [
              18.4697115,
              54.5275412
            ],
            [
              18.4701877,
              54.5276804
            ],
            [
              18.4704083,
              54.5277198
            ],
            [
              18.4707944,
              54.5277456
            ],
            [
              18.4710043,
              54.5277372
            ],
            [
              18.4713534,
              54.5276938
            ],
            [
              18.4714509,
              54.5276958
            ],
            [
              18.4715452,
              54.5277212
            ],
            [
              18.4716474,
              54.5278145
            ],
            [
              18.4717321,
              54.527899
            ],
            [
              18.4717296,
              54.5279836
            ],
            [
              18.4713401,
              54.5286972
            ],
            [
              18.4713292,
              54.5287172
            ],
            [
              18.4710555,
              54.5287885
            ],
            [
              18.4706682,
              54.528747
            ],
            [
              18.4704461,
              54.5287752
            ],
            [
              18.470268,
              54.5288484
            ],
            [
              18.4701396,
              54.5289336
            ],
            [
              18.4695844,
              54.5294641
            ],
            [
              18.4694015,
              54.5298503
            ],
            [
              18.469318,
              54.5302528
            ],
            [
              18.4695646,
              54.5306432
            ],
            [
              18.4696693,
              54.5310769
            ],
            [
              18.4694827,
              54.531512
            ],
            [
              18.4694519,
              54.5318308
            ],
            [
              18.4687723,
              54.5318877
            ],
            [
              18.467398,
              54.5320615
            ],
            [
              18.467096,
              54.5320834
            ],
            [
              18.4662677,
              54.5320808
            ],
            [
              18.4641108,
              54.5316927
            ],
            [
              18.4630623,
              54.5311903
            ],
            [
              18.462277,
              54.5318151
            ],
            [
              18.4613064,
              54.5329619
            ],
            [
              18.4605187,
              54.5339047
            ],
            [
              18.4601435,
              54.5342965
            ],
            [
              18.4599962,
              54.5345298
            ],
            [
              18.4595239,
              54.534935
            ],
            [
              18.4589991,
              54.5353034
            ],
            [
              18.4585037,
              54.5351633
            ],
            [
              18.4583145,
              54.5351155
            ],
            [
              18.4580466,
              54.5350707
            ],
            [
              18.457821,
              54.5350504
            ],
            [
              18.4575818,
              54.5350548
            ],
            [
              18.4573524,
              54.535072
            ],
            [
              18.4571585,
              54.5350579
            ],
            [
              18.457026,
              54.5351081
            ],
            [
              18.4555854,
              54.535013
            ],
            [
              18.4553823,
              54.5349921
            ],
            [
              18.4553891,
              54.5351969
            ],
            [
              18.4553413,
              54.5357783
            ],
            [
              18.4553215,
              54.5358794
            ],
            [
              18.4552969,
              54.5360054
            ],
            [
              18.4552354,
              54.5363195
            ],
            [
              18.4549512,
              54.5371999
            ],
            [
              18.4546768,
              54.5380501
            ],
            [
              18.4542456,
              54.5374518
            ],
            [
              18.4540792,
              54.5379762
            ],
            [
              18.4530598,
              54.5384883
            ],
            [
              18.4530416,
              54.5384974
            ],
            [
              18.452827,
              54.5386055
            ],
            [
              18.4528226,
              54.5385765
            ],
            [
              18.4528109,
              54.5385124
            ],
            [
              18.4526107,
              54.5383611
            ],
            [
              18.4515659,
              54.5388336
            ],
            [
              18.4514617,
              54.5388811
            ],
            [
              18.451433,
              54.5388942
            ],
            [
              18.4513786,
              54.538919
            ],
            [
              18.4510374,
              54.5386653
            ],
            [
              18.4510084,
              54.5386477
            ],
            [
              18.4506803,
              54.5383395
            ],
            [
              18.4503221,
              54.5386513
            ],
            [
              18.4501573,
              54.5387569
            ],
            [
              18.449835,
              54.5388707
            ],
            [
              18.4496976,
              54.5391126
            ],
            [
              18.4494293,
              54.5390396
            ],
            [
              18.4492643,
              54.5389478
            ],
            [
              18.4491079,
              54.538864
            ],
            [
              18.4487255,
              54.5388199
            ],
            [
              18.4485699,
              54.5388977
            ],
            [
              18.4485857,
              54.5392336
            ],
            [
              18.4483478,
              54.5398662
            ],
            [
              18.4479698,
              54.5397796
            ],
            [
              18.4473376,
              54.5401611
            ],
            [
              18.4464108,
              54.540331
            ],
            [
              18.4415305,
              54.5411771
            ],
            [
              18.4414642,
              54.5411214
            ],
            [
              18.4408692,
              54.5411266
            ],
            [
              18.4405853,
              54.541158
            ],
            [
              18.4402577,
              54.5412634
            ],
            [
              18.4393643,
              54.5414393
            ],
            [
              18.4341468,
              54.5433351
            ],
            [
              18.4325722,
              54.5439072
            ],
            [
              18.4297849,
              54.5449054
            ],
            [
              18.4287423,
              54.5451358
            ],
            [
              18.4266787,
              54.5457718
            ],
            [
              18.4252846,
              54.5462092
            ],
            [
              18.4231591,
              54.546868
            ],
            [
              18.4223757,
              54.5479377
            ],
            [
              18.4208413,
              54.5481424
            ],
            [
              18.4199169,
              54.5477072
            ],
            [
              18.4191944,
              54.5473702
            ],
            [
              18.4185754,
              54.5473742
            ],
            [
              18.41733,
              54.5473128
            ],
            [
              18.417241,
              54.5473673
            ],
            [
              18.4171496,
              54.5476288
            ],
            [
              18.4169772,
              54.5477213
            ],
            [
              18.4167712,
              54.5476397
            ],
            [
              18.4162177,
              54.5476549
            ],
            [
              18.4159596,
              54.5477186
            ],
            [
              18.4157758,
              54.5479303
            ],
            [
              18.4154351,
              54.5482285
            ],
            [
              18.4151619,
              54.548288
            ],
            [
              18.4149348,
              54.5483971
            ],
            [
              18.4147447,
              54.5485347
            ],
            [
              18.4146481,
              54.5487227
            ],
            [
              18.4144799,
              54.5493041
            ],
            [
              18.4143552,
              54.5494205
            ],
            [
              18.4139609,
              54.5494548
            ],
            [
              18.4136659,
              54.5494453
            ],
            [
              18.4131136,
              54.5494275
            ],
            [
              18.412922,
              54.5494964
            ],
            [
              18.4126992,
              54.5496201
            ],
            [
              18.4121284,
              54.5497305
            ],
            [
              18.411885,
              54.5497244
            ],
            [
              18.4111214,
              54.5497052
            ],
            [
              18.4109702,
              54.5497294
            ],
            [
              18.4108309,
              54.5497516
            ],
            [
              18.4106834,
              54.5498023
            ],
            [
              18.4104415,
              54.5502231
            ],
            [
              18.4098064,
              54.5505018
            ],
            [
              18.4091543,
              54.5506758
            ],
            [
              18.4089104,
              54.5507659
            ],
            [
              18.4084567,
              54.5510375
            ],
            [
              18.4073623,
              54.5514794
            ],
            [
              18.4073199,
              54.5514527
            ],
            [
              18.4066711,
              54.5517431
            ],
            [
              18.4055172,
              54.552453
            ],
            [
              18.4055771,
              54.5523063
            ],
            [
              18.4057054,
              54.551992
            ],
            [
              18.4058192,
              54.5514136
            ],
            [
              18.4057318,
              54.5508343
            ],
            [
              18.4055708,
              54.550551
            ],
            [
              18.4041779,
              54.5488756
            ],
            [
              18.4038135,
              54.5485885
            ],
            [
              18.4034074,
              54.548361
            ],
            [
              18.403075,
              54.5478431
            ],
            [
              18.4029733,
              54.547786
            ],
            [
              18.4026548,
              54.5476072
            ],
            [
              18.4022049,
              54.5474324
            ],
            [
              18.4002711,
              54.5469163
            ],
            [
              18.3993136,
              54.5467529
            ],
            [
              18.3981302,
              54.5464826
            ],
            [
              18.3975959,
              54.5461961
            ],
            [
              18.3967922,
              54.545506
            ],
            [
              18.3955146,
              54.5449778
            ],
            [
              18.3948536,
              54.5446725
            ],
            [
              18.393615,
              54.5444255
            ],
            [
              18.393466,
              54.5443037
            ],
            [
              18.39321,
              54.5438084
            ],
            [
              18.3929593,
              54.5436081
            ],
            [
              18.3921188,
              54.5431502
            ],
            [
              18.3915481,
              54.5430583
            ],
            [
              18.3909044,
              54.5430481
            ],
            [
              18.3902963,
              54.5428919
            ],
            [
              18.3896225,
              54.5423347
            ],
            [
              18.3905447,
              54.5411648
            ],
            [
              18.3906334,
              54.5406726
            ],
            [
              18.3906487,
              54.5394856
            ],
            [
              18.3908011,
              54.5387349
            ],
            [
              18.3908151,
              54.5377928
            ],
            [
              18.3906818,
              54.5372606
            ],
            [
              18.3906866,
              54.5363695
            ],
            [
              18.3906562,
              54.5361495
            ]
          ]
        ]
      },
      "id": "relation/2606800"
    },
    {
      "type": "Feature",
      "properties": {
        "@id": "relation/2606801",
        "admin_level": "9",
        "boundary": "administrative",
        "is_in:city": "Gdynia",
        "is_in:province": "województwo pomorskie",
        "name": "Śródmieście",
        "type": "boundary",
        "wikidata": "Q9395907",
        "wikipedia": "pl:Śródmieście (Gdynia)"
      },
      "geometry": {
        "type": "Polygon",
        "coordinates": [
          [
            [
              18.5623073,
              54.5395505
            ],
            [
              18.562269,
              54.53954
            ],
            [
              18.562194,
              54.5395434
            ],
            [
              18.5620769,
              54.5400351
            ],
            [
              18.5620636,
              54.540034
            ],
            [
              18.5605201,
              54.5408681
            ],
            [
              18.5604697,
              54.54086
            ],
            [
              18.5606763,
              54.5399062
            ],
            [
              18.5606642,
              54.5398955
            ],
            [
              18.5588661,
              54.5397058
            ],
            [
              18.5588409,
              54.5397042
            ],
            [
              18.5588143,
              54.5397091
            ],
            [
              18.5587949,
              54.5397212
            ],
            [
              18.5587901,
              54.5397338
            ],
            [
              18.5587957,
              54.539745
            ],
            [
              18.5588032,
              54.5397536
            ],
            [
              18.5588254,
              54.539762
            ],
            [
              18.5588512,
              54.5397644
            ],
            [
              18.5605654,
              54.5399462
            ],
            [
              18.5603534,
              54.5409308
            ],
            [
              18.5603369,
              54.5409303
            ],
            [
              18.5601628,
              54.5417427
            ],
            [
              18.5572818,
              54.5425211
            ],
            [
              18.5566099,
              54.5416811
            ],
            [
              18.556583,
              54.5416806
            ],
            [
              18.5565602,
              54.5416846
            ],
            [
              18.5565454,
              54.5416893
            ],
            [
              18.5565337,
              54.5416963
            ],
            [
              18.5565263,
              54.5417042
            ],
            [
              18.556524,
              54.5417102
            ],
            [
              18.5571919,
              54.542544
            ],
            [
              18.5530166,
              54.5436748
            ],
            [
              18.5524592,
              54.5429761
            ],
            [
              18.5537479,
              54.5426283
            ],
            [
              18.5537634,
              54.5426022
            ],
            [
              18.5537516,
              54.5425838
            ],
            [
              18.553705,
              54.5425764
            ],
            [
              18.5524179,
              54.5429242
            ],
            [
              18.5519935,
              54.5423935
            ],
            [
              18.5519564,
              54.5424038
            ],
            [
              18.5518267,
              54.5422428
            ],
            [
              18.553053,
              54.5419097
            ],
            [
              18.5530594,
              54.5418991
            ],
            [
              18.553028,
              54.5418586
            ],
            [
              18.5530118,
              54.5418552
            ],
            [
              18.5517838,
              54.542188
            ],
            [
              18.5514079,
              54.5417185
            ],
            [
              18.5526213,
              54.5413916
            ],
            [
              18.5526374,
              54.5413661
            ],
            [
              18.5526267,
              54.54135
            ],
            [
              18.5525795,
              54.5413384
            ],
            [
              18.5513666,
              54.5416637
            ],
            [
              18.5509682,
              54.5411635
            ],
            [
              18.5537351,
              54.5404153
            ],
            [
              18.5537538,
              54.5403981
            ],
            [
              18.553754,
              54.5403811
            ],
            [
              18.5537419,
              54.5403654
            ],
            [
              18.5537162,
              54.5403553
            ],
            [
              18.5536836,
              54.5403544
            ],
            [
              18.5515117,
              54.540942
            ],
            [
              18.5502143,
              54.5398365
            ],
            [
              18.5500806,
              54.5396364
            ],
            [
              18.5530967,
              54.538817
            ],
            [
              18.5530982,
              54.5388088
            ],
            [
              18.5530353,
              54.5387307
            ],
            [
              18.553022,
              54.5387301
            ],
            [
              18.5500212,
              54.5395444
            ],
            [
              18.5497061,
              54.5390776
            ],
            [
              18.549182,
              54.5384482
            ],
            [
              18.5489667,
              54.537948
            ],
            [
              18.548871,
              54.5375798
            ],
            [
              18.5485178,
              54.5369859
            ],
            [
              18.5482545,
              54.5367231
            ],
            [
              18.5481287,
              54.5366546
            ],
            [
              18.5480725,
              54.5366548
            ],
            [
              18.5480062,
              54.5358173
            ],
            [
              18.5479823,
              54.5357974
            ],
            [
              18.5479445,
              54.5357754
            ],
            [
              18.5479139,
              54.535768
            ],
            [
              18.5478829,
              54.5357686
            ],
            [
              18.5478606,
              54.5357745
            ],
            [
              18.5478398,
              54.5357851
            ],
            [
              18.5478258,
              54.5357963
            ],
            [
              18.5478055,
              54.5358218
            ],
            [
              18.5478061,
              54.5358365
            ],
            [
              18.547879,
              54.5366662
            ],
            [
              18.5446663,
              54.5369552
            ],
            [
              18.5400934,
              54.539757
            ],
            [
              18.5401084,
              54.5397635
            ],
            [
              18.5404178,
              54.5399811
            ],
            [
              18.5407056,
              54.5407196
            ],
            [
              18.540609,
              54.5407326
            ],
            [
              18.5410039,
              54.5418528
            ],
            [
              18.5417435,
              54.5418317
            ],
            [
              18.5417858,
              54.5423093
            ],
            [
              18.5375766,
              54.542105
            ],
            [
              18.5372527,
              54.5421145
            ],
            [
              18.5367809,
              54.5421279
            ],
            [
              18.5364852,
              54.5421469
            ],
            [
              18.5362408,
              54.5421372
            ],
            [
              18.5362564,
              54.5421979
            ],
            [
              18.5360389,
              54.5422191
            ],
            [
              18.5359638,
              54.542229
            ],
            [
              18.535681,
              54.5422487
            ],
            [
              18.5355392,
              54.5422767
            ],
            [
              18.535329,
              54.5422963
            ],
            [
              18.5353305,
              54.5423099
            ],
            [
              18.5343803,
              54.5424
            ],
            [
              18.5324941,
              54.5425848
            ],
            [
              18.5295986,
              54.5428475
            ],
            [
              18.5296018,
              54.5428987
            ],
            [
              18.5289057,
              54.5429841
            ],
            [
              18.5288705,
              54.5429931
            ],
            [
              18.5284307,
              54.5430675
            ],
            [
              18.5278838,
              54.5431908
            ],
            [
              18.523025,
              54.5451061
            ],
            [
              18.5217446,
              54.5455042
            ],
            [
              18.520889,
              54.5457213
            ],
            [
              18.5205151,
              54.5457754
            ],
            [
              18.5205848,
              54.5458581
            ],
            [
              18.5194354,
              54.5462504
            ],
            [
              18.5173371,
              54.5469677
            ],
            [
              18.5125357,
              54.5483602
            ],
            [
              18.5115729,
              54.5486372
            ],
            [
              18.51109,
              54.5487543
            ],
            [
              18.5106056,
              54.5488511
            ],
            [
              18.5101917,
              54.5489105
            ],
            [
              18.5098358,
              54.5489518
            ],
            [
              18.5094905,
              54.548983
            ],
            [
              18.5090456,
              54.5490005
            ],
            [
              18.5086516,
              54.549006
            ],
            [
              18.5080161,
              54.5490014
            ],
            [
              18.5064376,
              54.5490835
            ],
            [
              18.5056317,
              54.5491314
            ],
            [
              18.5053872,
              54.5491459
            ],
            [
              18.5048285,
              54.5492281
            ],
            [
              18.5043183,
              54.5493624
            ],
            [
              18.5029384,
              54.549861
            ],
            [
              18.5027968,
              54.5499121
            ],
            [
              18.5020734,
              54.5501735
            ],
            [
              18.5011141,
              54.5505166
            ],
            [
              18.4996078,
              54.551055
            ],
            [
              18.4981102,
              54.5516024
            ],
            [
              18.4978868,
              54.551685
            ],
            [
              18.4978648,
              54.5516974
            ],
            [
              18.4978141,
              54.5516175
            ],
            [
              18.4977056,
              54.5516524
            ],
            [
              18.4977751,
              54.5517275
            ],
            [
              18.4961323,
              54.5522919
            ],
            [
              18.4956949,
              54.5524092
            ],
            [
              18.4949286,
              54.5525688
            ],
            [
              18.4934281,
              54.5528288
            ],
            [
              18.4925715,
              54.5529773
            ],
            [
              18.4925355,
              54.5529822
            ],
            [
              18.4925127,
              54.5529526
            ],
            [
              18.4914122,
              54.5531434
            ],
            [
              18.489277,
              54.5535136
            ],
            [
              18.4892505,
              54.5534979
            ],
            [
              18.4891379,
              54.5535219
            ],
            [
              18.489175,
              54.5535671
            ],
            [
              18.4814657,
              54.5549008
            ],
            [
              18.48145,
              54.5548737
            ],
            [
              18.4813268,
              54.5549269
            ],
            [
              18.4792401,
              54.5552936
            ],
            [
              18.478317,
              54.5554463
            ],
            [
              18.4777718,
              54.5554903
            ],
            [
              18.4773339,
              54.5555057
            ],
            [
              18.4769075,
              54.5555013
            ],
            [
              18.4763198,
              54.5554441
            ],
            [
              18.4757931,
              54.5553499
            ],
            [
              18.4753381,
              54.5552241
            ],
            [
              18.4751571,
              54.5551741
            ],
            [
              18.4746587,
              54.5549842
            ],
            [
              18.4742205,
              54.5547477
            ],
            [
              18.4738282,
              54.5544757
            ],
            [
              18.4734737,
              54.5541615
            ],
            [
              18.4734209,
              54.5541847
            ],
            [
              18.4733676,
              54.5542081
            ],
            [
              18.4727805,
              54.5535674
            ],
            [
              18.472181,
              54.5528871
            ],
            [
              18.4721573,
              54.5527837
            ],
            [
              18.4721966,
              54.5523031
            ],
            [
              18.4722505,
              54.5521827
            ],
            [
              18.4724017,
              54.5518445
            ],
            [
              18.4724859,
              54.5516896
            ],
            [
              18.4725472,
              54.5515838
            ],
            [
              18.472643,
              54.5514185
            ],
            [
              18.4729436,
              54.5511005
            ],
            [
              18.4731566,
              54.5510054
            ],
            [
              18.4734407,
              54.5508787
            ],
            [
              18.4754229,
              54.5499986
            ],
            [
              18.476321,
              54.5496013
            ],
            [
              18.4769267,
              54.5492678
            ],
            [
              18.4776503,
              54.5488667
            ],
            [
              18.4777355,
              54.5488198
            ],
            [
              18.478128,
              54.5486036
            ],
            [
              18.478945,
              54.5482306
            ],
            [
              18.4794325,
              54.5480661
            ],
            [
              18.4795945,
              54.5480187
            ],
            [
              18.4802048,
              54.5478764
            ],
            [
              18.4809301,
              54.5477346
            ],
            [
              18.4812023,
              54.5476742
            ],
            [
              18.4814525,
              54.5476031
            ],
            [
              18.4816927,
              54.5475191
            ],
            [
              18.4819747,
              54.5474041
            ],
            [
              18.4825115,
              54.5471653
            ],
            [
              18.4848869,
              54.5461149
            ],
            [
              18.4872411,
              54.5450572
            ],
            [
              18.4874815,
              54.5449597
            ],
            [
              18.4876732,
              54.5448763
            ],
            [
              18.4892418,
              54.5441779
            ],
            [
              18.49004,
              54.5438309
            ],
            [
              18.4900049,
              54.5437955
            ],
            [
              18.490356,
              54.5436746
            ],
            [
              18.4905717,
              54.5435909
            ],
            [
              18.4909866,
              54.5434055
            ],
            [
              18.491213,
              54.5432956
            ],
            [
              18.4914171,
              54.5431879
            ],
            [
              18.4915992,
              54.5430749
            ],
            [
              18.4917609,
              54.5429694
            ],
            [
              18.4919422,
              54.5428293
            ],
            [
              18.4921157,
              54.5426723
            ],
            [
              18.4924911,
              54.5423424
            ],
            [
              18.4926898,
              54.5421807
            ],
            [
              18.4928781,
              54.5420472
            ],
            [
              18.4930977,
              54.5419126
            ],
            [
              18.4945576,
              54.5411027
            ],
            [
              18.4948761,
              54.5409604
            ],
            [
              18.4954302,
              54.5407112
            ],
            [
              18.4958351,
              54.540499
            ],
            [
              18.4964416,
              54.540162
            ],
            [
              18.4966451,
              54.5400568
            ],
            [
              18.4973369,
              54.5397503
            ],
            [
              18.4990851,
              54.538977
            ],
            [
              18.4995738,
              54.5387486
            ],
            [
              18.4998163,
              54.5386164
            ],
            [
              18.4999381,
              54.538546
            ],
            [
              18.5000641,
              54.538469
            ],
            [
              18.5000843,
              54.5384616
            ],
            [
              18.500175,
              54.5384048
            ],
            [
              18.5002513,
              54.5383551
            ],
            [
              18.5004963,
              54.5381897
            ],
            [
              18.5006619,
              54.5380683
            ],
            [
              18.5009637,
              54.5378439
            ],
            [
              18.5018125,
              54.5372527
            ],
            [
              18.5018567,
              54.5371673
            ],
            [
              18.5020427,
              54.5369837
            ],
            [
              18.5022201,
              54.5368565
            ],
            [
              18.5063382,
              54.5341063
            ],
            [
              18.5085791,
              54.5325465
            ],
            [
              18.5100649,
              54.5315136
            ],
            [
              18.5101664,
              54.5314087
            ],
            [
              18.510638,
              54.5310752
            ],
            [
              18.5108302,
              54.5309955
            ],
            [
              18.511488,
              54.5305329
            ],
            [
              18.5124805,
              54.5298641
            ],
            [
              18.5126668,
              54.529657
            ],
            [
              18.5127249,
              54.5295918
            ],
            [
              18.5128354,
              54.5294722
            ],
            [
              18.51301,
              54.5292909
            ],
            [
              18.5132324,
              54.529059
            ],
            [
              18.5132441,
              54.5290446
            ],
            [
              18.5134087,
              54.5288366
            ],
            [
              18.5134177,
              54.5288291
            ],
            [
              18.5138158,
              54.5284978
            ],
            [
              18.5140251,
              54.5283422
            ],
            [
              18.514592,
              54.5279758
            ],
            [
              18.5150661,
              54.5277293
            ],
            [
              18.5155309,
              54.5275142
            ],
            [
              18.516135,
              54.5272765
            ],
            [
              18.5166369,
              54.5270911
            ],
            [
              18.5169304,
              54.5269908
            ],
            [
              18.517292,
              54.5268455
            ],
            [
              18.5176461,
              54.5267138
            ],
            [
              18.5184496,
              54.5264212
            ],
            [
              18.5185094,
              54.5263994
            ],
            [
              18.5186771,
              54.5259691
            ],
            [
              18.5188123,
              54.5258347
            ],
            [
              18.5190587,
              54.5257314
            ],
            [
              18.5191152,
              54.5257163
            ],
            [
              18.5197966,
              54.5253941
            ],
            [
              18.5211025,
              54.5247804
            ],
            [
              18.5213337,
              54.5246959
            ],
            [
              18.5214828,
              54.5246541
            ],
            [
              18.5222574,
              54.5244772
            ],
            [
              18.5228573,
              54.5242883
            ],
            [
              18.5232758,
              54.5241307
            ],
            [
              18.5246586,
              54.5236198
            ],
            [
              18.5250383,
              54.5234795
            ],
            [
              18.524967,
              54.5234286
            ],
            [
              18.5261023,
              54.5229741
            ],
            [
              18.5264376,
              54.5227984
            ],
            [
              18.5259418,
              54.5226866
            ],
            [
              18.5259391,
              54.5223894
            ],
            [
              18.5259488,
              54.5223255
            ],
            [
              18.5259169,
              54.5217075
            ],
            [
              18.5295751,
              54.520202
            ],
            [
              18.5297762,
              54.5199568
            ],
            [
              18.5299647,
              54.5199948
            ],
            [
              18.5300287,
              54.5199989
            ],
            [
              18.530194,
              54.5199208
            ],
            [
              18.5309911,
              54.5196935
            ],
            [
              18.5316232,
              54.5194166
            ],
            [
              18.5317183,
              54.5193615
            ],
            [
              18.5318585,
              54.5192696
            ],
            [
              18.531976,
              54.5191894
            ],
            [
              18.5320714,
              54.5191247
            ],
            [
              18.5322853,
              54.5190739
            ],
            [
              18.5330283,
              54.5185847
            ],
            [
              18.5333989,
              54.5182733
            ],
            [
              18.5338657,
              54.517833
            ],
            [
              18.5342307,
              54.5174062
            ],
            [
              18.5348063,
              54.5165129
            ],
            [
              18.5349918,
              54.5161605
            ],
            [
              18.5351114,
              54.515882
            ],
            [
              18.535233,
              54.5155191
            ],
            [
              18.5354282,
              54.5146616
            ],
            [
              18.5354463,
              54.5139018
            ],
            [
              18.5353952,
              54.5132915
            ],
            [
              18.5353293,
              54.5126676
            ],
            [
              18.5353496,
              54.5126676
            ],
            [
              18.5352356,
              54.5101867
            ],
            [
              18.5352305,
              54.5100745
            ],
            [
              18.5352192,
              54.5098281
            ],
            [
              18.5352119,
              54.5096706
            ],
            [
              18.5352016,
              54.5094458
            ],
            [
              18.5368749,
              54.5093728
            ],
            [
              18.5371207,
              54.5093576
            ],
            [
              18.5383328,
              54.5091954
            ],
            [
              18.5383459,
              54.5092207
            ],
            [
              18.539317,
              54.5090795
            ],
            [
              18.5396254,
              54.5098498
            ],
            [
              18.5396987,
              54.5098392
            ],
            [
              18.5397688,
              54.51001
            ],
            [
              18.539664,
              54.5100243
            ],
            [
              18.5400846,
              54.5110884
            ],
            [
              18.5401073,
              54.511071
            ],
            [
              18.540114,
              54.511091
            ],
            [
              18.5401969,
              54.5113122
            ],
            [
              18.540146,
              54.5113176
            ],
            [
              18.5401638,
              54.5113567
            ],
            [
              18.5401639,
              54.5114358
            ],
            [
              18.540457,
              54.5121464
            ],
            [
              18.5405213,
              54.5121376
            ],
            [
              18.5410162,
              54.5134831
            ],
            [
              18.5420046,
              54.5133698
            ],
            [
              18.5421067,
              54.5138835
            ],
            [
              18.5421336,
              54.5145189
            ],
            [
              18.5419218,
              54.5156843
            ],
            [
              18.5419748,
              54.5158156
            ],
            [
              18.5420163,
              54.5158682
            ],
            [
              18.5420493,
              54.5159101
            ],
            [
              18.5420821,
              54.5159517
            ],
            [
              18.5422422,
              54.5160946
            ],
            [
              18.5424335,
              54.5162039
            ],
            [
              18.5424397,
              54.5162074
            ],
            [
              18.5428082,
              54.5163598
            ],
            [
              18.5433111,
              54.5163893
            ],
            [
              18.5438236,
              54.5163489
            ],
            [
              18.5443039,
              54.5162354
            ],
            [
              18.5448345,
              54.5161385
            ],
            [
              18.5454859,
              54.5160716
            ],
            [
              18.5457329,
              54.5160529
            ],
            [
              18.5457532,
              54.5160514
            ],
            [
              18.5458076,
              54.5160642
            ],
            [
              18.5461888,
              54.5160627
            ],
            [
              18.5469179,
              54.5160197
            ],
            [
              18.5469929,
              54.5162721
            ],
            [
              18.5484181,
              54.5161895
            ],
            [
              18.548508,
              54.5159239
            ],
            [
              18.5496267,
              54.5158583
            ],
            [
              18.5513309,
              54.5157683
            ],
            [
              18.551357,
              54.5158224
            ],
            [
              18.5515831,
              54.5161063
            ],
            [
              18.5517991,
              54.5162495
            ],
            [
              18.5520673,
              54.5163868
            ],
            [
              18.5522143,
              54.5164717
            ],
            [
              18.5522754,
              54.5165209
            ],
            [
              18.5523238,
              54.5165837
            ],
            [
              18.5534286,
              54.5165504
            ],
            [
              18.5539224,
              54.5164505
            ],
            [
              18.5533801,
              54.5159188
            ],
            [
              18.5533688,
              54.5159081
            ],
            [
              18.5533631,
              54.5158993
            ],
            [
              18.5533636,
              54.5158915
            ],
            [
              18.5533682,
              54.5158839
            ],
            [
              18.5533774,
              54.5158773
            ],
            [
              18.5533927,
              54.5158727
            ],
            [
              18.5534075,
              54.5158709
            ],
            [
              18.5534237,
              54.5158719
            ],
            [
              18.5534418,
              54.5158772
            ],
            [
              18.5534527,
              54.5158845
            ],
            [
              18.5534589,
              54.5158893
            ],
            [
              18.5558005,
              54.5181788
            ],
            [
              18.5598019,
              54.5179773
            ],
            [
              18.5617018,
              54.5170692
            ],
            [
              18.5617644,
              54.5170783
            ],
            [
              18.5618269,
              54.5171062
            ],
            [
              18.5618365,
              54.5171318
            ],
            [
              18.5616185,
              54.5173975
            ],
            [
              18.5614392,
              54.5305329
            ],
            [
              18.5630518,
              54.533727
            ],
            [
              18.5631015,
              54.5345326
            ],
            [
              18.5631228,
              54.5350157
            ],
            [
              18.5630764,
              54.5350387
            ],
            [
              18.5630399,
              54.5363975
            ],
            [
              18.5630286,
              54.5364039
            ],
            [
              18.5630397,
              54.5364189
            ],
            [
              18.5623073,
              54.5395505
            ]
          ]
        ]
      },
      "id": "relation/2606801"
    },
    {
      "type": "Feature",
      "properties": {
        "@id": "relation/2606802",
        "admin_level": "9",
        "boundary": "administrative",
        "name": "Wielki Kack",
        "name:de": "Groß Katz",
        "name:pl": "Wielki Kack",
        "population": "11123",
        "source:population": "stat.gov.pl",
        "teryt:rm": "99",
        "teryt:simc": "0934435",
        "teryt:stan_na": "2019",
        "teryt:sympod": "0934100",
        "type": "boundary",
        "wikidata": "Q9372933",
        "wikipedia": "pl:Wielki Kack"
      },
      "geometry": {
        "type": "Polygon",
        "coordinates": [
          [
            [
              18.5075443,
              54.42275
            ],
            [
              18.5076809,
              54.4229086
            ],
            [
              18.5078091,
              54.4230893
            ],
            [
              18.5083255,
              54.4234028
            ],
            [
              18.508644,
              54.4235947
            ],
            [
              18.5088416,
              54.42368
            ],
            [
              18.5092107,
              54.4237402
            ],
            [
              18.5093736,
              54.4237864
            ],
            [
              18.5094498,
              54.4238768
            ],
            [
              18.509502,
              54.4243002
            ],
            [
              18.5097087,
              54.4245504
            ],
            [
              18.5098834,
              54.4247659
            ],
            [
              18.5100241,
              54.4248341
            ],
            [
              18.5102599,
              54.4248391
            ],
            [
              18.5103832,
              54.4249116
            ],
            [
              18.510481,
              54.4252736
            ],
            [
              18.5105741,
              54.4255668
            ],
            [
              18.5106448,
              54.4256524
            ],
            [
              18.5106844,
              54.425807
            ],
            [
              18.5107577,
              54.426136
            ],
            [
              18.5108437,
              54.4265659
            ],
            [
              18.5108526,
              54.4266834
            ],
            [
              18.5108877,
              54.4271546
            ],
            [
              18.510938,
              54.4272759
            ],
            [
              18.511024,
              54.4274663
            ],
            [
              18.5110971,
              54.427534
            ],
            [
              18.5111507,
              54.4278849
            ],
            [
              18.5111476,
              54.4280664
            ],
            [
              18.5110297,
              54.4282121
            ],
            [
              18.5108987,
              54.4283203
            ],
            [
              18.5106587,
              54.4285645
            ],
            [
              18.5105126,
              54.4287089
            ],
            [
              18.5103722,
              54.4287818
            ],
            [
              18.5100222,
              54.428922
            ],
            [
              18.5097889,
              54.4290912
            ],
            [
              18.5096894,
              54.4292489
            ],
            [
              18.5096409,
              54.4293886
            ],
            [
              18.5096602,
              54.4296555
            ],
            [
              18.5096754,
              54.4300157
            ],
            [
              18.5097124,
              54.4303464
            ],
            [
              18.5096789,
              54.4304589
            ],
            [
              18.5095793,
              54.4305489
            ],
            [
              18.5094142,
              54.4306427
            ],
            [
              18.5091215,
              54.4307234
            ],
            [
              18.508457,
              54.4308015
            ],
            [
              18.5076594,
              54.4310821
            ],
            [
              18.5072805,
              54.4311881
            ],
            [
              18.5067918,
              54.4312633
            ],
            [
              18.5066937,
              54.4313285
            ],
            [
              18.506632,
              54.4314075
            ],
            [
              18.506786,
              54.4316566
            ],
            [
              18.5073211,
              54.4322777
            ],
            [
              18.5078875,
              54.432899
            ],
            [
              18.5079759,
              54.4330446
            ],
            [
              18.5079901,
              54.4331258
            ],
            [
              18.5079999,
              54.4337755
            ],
            [
              18.5080275,
              54.434241
            ],
            [
              18.508105,
              54.4367365
            ],
            [
              18.5081347,
              54.4370273
            ],
            [
              18.5081721,
              54.437164
            ],
            [
              18.508262,
              54.4373094
            ],
            [
              18.5084071,
              54.4374209
            ],
            [
              18.5095872,
              54.4380617
            ],
            [
              18.5105763,
              54.4385931
            ],
            [
              18.5113499,
              54.4389478
            ],
            [
              18.5115019,
              54.4390525
            ],
            [
              18.5117813,
              54.4394365
            ],
            [
              18.5119211,
              54.4395782
            ],
            [
              18.5121334,
              54.4397064
            ],
            [
              18.5127321,
              54.4399939
            ],
            [
              18.5128523,
              54.4400672
            ],
            [
              18.5131859,
              54.440407
            ],
            [
              18.51366,
              54.4409283
            ],
            [
              18.5136681,
              54.4409847
            ],
            [
              18.5134032,
              54.4410194
            ],
            [
              18.5130976,
              54.4410942
            ],
            [
              18.5119126,
              54.4414379
            ],
            [
              18.5109116,
              54.4417161
            ],
            [
              18.5092741,
              54.442102
            ],
            [
              18.5081953,
              54.4423678
            ],
            [
              18.5075543,
              54.4425973
            ],
            [
              18.5073035,
              54.4426714
            ],
            [
              18.5063327,
              54.442961
            ],
            [
              18.5059726,
              54.4431188
            ],
            [
              18.5056826,
              54.4432917
            ],
            [
              18.5054911,
              54.4434735
            ],
            [
              18.5051818,
              54.4438676
            ],
            [
              18.5049792,
              54.4441575
            ],
            [
              18.5049072,
              54.4442994
            ],
            [
              18.5046871,
              54.4447388
            ],
            [
              18.5044838,
              54.4450037
            ],
            [
              18.5071023,
              54.4462003
            ],
            [
              18.5071069,
              54.446252
            ],
            [
              18.5072125,
              54.4462496
            ],
            [
              18.5118489,
              54.4483843
            ],
            [
              18.5143313,
              54.4495399
            ],
            [
              18.517374,
              54.450952
            ],
            [
              18.5186565,
              54.4515493
            ],
            [
              18.519214,
              54.4518154
            ],
            [
              18.519291,
              54.4518406
            ],
            [
              18.5191249,
              54.4521143
            ],
            [
              18.5190382,
              54.452439
            ],
            [
              18.5189772,
              54.4528169
            ],
            [
              18.5188978,
              54.4533483
            ],
            [
              18.5187939,
              54.4539658
            ],
            [
              18.5187762,
              54.4542932
            ],
            [
              18.518844,
              54.4545219
            ],
            [
              18.5189165,
              54.4546968
            ],
            [
              18.5190895,
              54.4551279
            ],
            [
              18.5191534,
              54.4552158
            ],
            [
              18.519363,
              54.4553559
            ],
            [
              18.5200132,
              54.4556038
            ],
            [
              18.5204581,
              54.455822
            ],
            [
              18.5211527,
              54.456115
            ],
            [
              18.5210979,
              54.4561926
            ],
            [
              18.519984,
              54.4559629
            ],
            [
              18.5197548,
              54.4559473
            ],
            [
              18.5181312,
              54.4560558
            ],
            [
              18.5167509,
              54.4561549
            ],
            [
              18.515968,
              54.4562107
            ],
            [
              18.5156798,
              54.4562314
            ],
            [
              18.5154838,
              54.4562528
            ],
            [
              18.5152191,
              54.4563411
            ],
            [
              18.514904,
              54.4564967
            ],
            [
              18.514057,
              54.4569897
            ],
            [
              18.512977,
              54.4576311
            ],
            [
              18.5128696,
              54.4576893
            ],
            [
              18.5125348,
              54.457882
            ],
            [
              18.5120259,
              54.4581707
            ],
            [
              18.511953,
              54.4582147
            ],
            [
              18.5118632,
              54.4582531
            ],
            [
              18.5116302,
              54.4583149
            ],
            [
              18.5114977,
              54.4583338
            ],
            [
              18.5113337,
              54.4583331
            ],
            [
              18.5110552,
              54.4583139
            ],
            [
              18.5109022,
              54.4582993
            ],
            [
              18.51081,
              54.4583004
            ],
            [
              18.5106779,
              54.4583075
            ],
            [
              18.5106266,
              54.4583095
            ],
            [
              18.5104585,
              54.4583363
            ],
            [
              18.5102352,
              54.458375
            ],
            [
              18.51019,
              54.4583799
            ],
            [
              18.5101295,
              54.4583909
            ],
            [
              18.510013,
              54.4584295
            ],
            [
              18.5097907,
              54.4585127
            ],
            [
              18.509658,
              54.4585727
            ],
            [
              18.5095314,
              54.4586603
            ],
            [
              18.5093929,
              54.4587735
            ],
            [
              18.5093122,
              54.4588264
            ],
            [
              18.5092264,
              54.4588736
            ],
            [
              18.5090983,
              54.4589235
            ],
            [
              18.5089793,
              54.4589415
            ],
            [
              18.5088267,
              54.458951
            ],
            [
              18.5085288,
              54.4589522
            ],
            [
              18.5083447,
              54.4589367
            ],
            [
              18.5081267,
              54.4589263
            ],
            [
              18.5077844,
              54.4589197
            ],
            [
              18.5077363,
              54.4589289
            ],
            [
              18.5076949,
              54.4589421
            ],
            [
              18.5076657,
              54.4589547
            ],
            [
              18.5076402,
              54.4589769
            ],
            [
              18.50762,
              54.4590067
            ],
            [
              18.5076111,
              54.4590347
            ],
            [
              18.5076085,
              54.4590524
            ],
            [
              18.5076234,
              54.4590762
            ],
            [
              18.5076884,
              54.4591077
            ],
            [
              18.507746,
              54.4591258
            ],
            [
              18.5079575,
              54.459176
            ],
            [
              18.5082518,
              54.4592473
            ],
            [
              18.5083157,
              54.4592674
            ],
            [
              18.5084827,
              54.4592978
            ],
            [
              18.5085536,
              54.4593251
            ],
            [
              18.5086429,
              54.4593491
            ],
            [
              18.508857,
              54.4594295
            ],
            [
              18.5089686,
              54.4594993
            ],
            [
              18.5090149,
              54.4595604
            ],
            [
              18.5090259,
              54.4596294
            ],
            [
              18.509034,
              54.459711
            ],
            [
              18.5090326,
              54.4597727
            ],
            [
              18.5090232,
              54.4598499
            ],
            [
              18.5089913,
              54.4599511
            ],
            [
              18.5089505,
              54.4600812
            ],
            [
              18.50892,
              54.4601744
            ],
            [
              18.5088302,
              54.4603527
            ],
            [
              18.5087473,
              54.4605062
            ],
            [
              18.5087417,
              54.4605408
            ],
            [
              18.5087341,
              54.4605743
            ],
            [
              18.5086956,
              54.4606252
            ],
            [
              18.508639,
              54.4607632
            ],
            [
              18.5086135,
              54.460869
            ],
            [
              18.5086012,
              54.4609729
            ],
            [
              18.508588,
              54.4610879
            ],
            [
              18.5085975,
              54.461334
            ],
            [
              18.5086214,
              54.4616327
            ],
            [
              18.5086826,
              54.4624194
            ],
            [
              18.5087197,
              54.4630282
            ],
            [
              18.5087664,
              54.4636099
            ],
            [
              18.5087773,
              54.4638416
            ],
            [
              18.5088026,
              54.4643547
            ],
            [
              18.5088401,
              54.4648774
            ],
            [
              18.5088556,
              54.4650547
            ],
            [
              18.5089281,
              54.4650568
            ],
            [
              18.5089509,
              54.465345
            ],
            [
              18.5089514,
              54.4653812
            ],
            [
              18.5089707,
              54.465601
            ],
            [
              18.5089752,
              54.4656455
            ],
            [
              18.5089802,
              54.4657351
            ],
            [
              18.5089937,
              54.4658204
            ],
            [
              18.5090696,
              54.4661904
            ],
            [
              18.5090944,
              54.4663042
            ],
            [
              18.5091588,
              54.4665516
            ],
            [
              18.5092034,
              54.4667298
            ],
            [
              18.5092677,
              54.4669527
            ],
            [
              18.5093311,
              54.4671739
            ],
            [
              18.5093856,
              54.4672149
            ],
            [
              18.5093856,
              54.4672371
            ],
            [
              18.5093878,
              54.4674284
            ],
            [
              18.5093763,
              54.4675269
            ],
            [
              18.5093686,
              54.4675923
            ],
            [
              18.5093577,
              54.4676474
            ],
            [
              18.5093498,
              54.4676893
            ],
            [
              18.5093232,
              54.4678888
            ],
            [
              18.5092701,
              54.4680687
            ],
            [
              18.5092316,
              54.4681846
            ],
            [
              18.5092246,
              54.4682056
            ],
            [
              18.5091753,
              54.4683395
            ],
            [
              18.5091788,
              54.468429
            ],
            [
              18.5091386,
              54.4685599
            ],
            [
              18.5089736,
              54.468742
            ],
            [
              18.5082961,
              54.4688074
            ],
            [
              18.5080792,
              54.4688446
            ],
            [
              18.5076675,
              54.4689189
            ],
            [
              18.5075105,
              54.4688396
            ],
            [
              18.5069303,
              54.4689453
            ],
            [
              18.5061934,
              54.4690174
            ],
            [
              18.5030052,
              54.4693568
            ],
            [
              18.5015729,
              54.4694961
            ],
            [
              18.5001139,
              54.4696442
            ],
            [
              18.4992609,
              54.4697274
            ],
            [
              18.4985781,
              54.4697977
            ],
            [
              18.4985199,
              54.4697985
            ],
            [
              18.4985155,
              54.4698086
            ],
            [
              18.4982522,
              54.4698493
            ],
            [
              18.4982699,
              54.4698695
            ],
            [
              18.4976895,
              54.4700133
            ],
            [
              18.4974766,
              54.4700794
            ],
            [
              18.4972702,
              54.4701236
            ],
            [
              18.4970906,
              54.4702093
            ],
            [
              18.496963,
              54.4702681
            ],
            [
              18.4967865,
              54.4702879
            ],
            [
              18.4965577,
              54.4703943
            ],
            [
              18.4959065,
              54.470402
            ],
            [
              18.4957872,
              54.4704033
            ],
            [
              18.495445,
              54.4704275
            ],
            [
              18.4951427,
              54.4704233
            ],
            [
              18.4949718,
              54.4704467
            ],
            [
              18.4947264,
              54.470486
            ],
            [
              18.4947317,
              54.4705145
            ],
            [
              18.4944448,
              54.4705662
            ],
            [
              18.4935019,
              54.4708154
            ],
            [
              18.4934061,
              54.4707124
            ],
            [
              18.4925491,
              54.4709144
            ],
            [
              18.4918424,
              54.4710703
            ],
            [
              18.4911106,
              54.4711502
            ],
            [
              18.4910374,
              54.4710896
            ],
            [
              18.4904672,
              54.4711023
            ],
            [
              18.490102,
              54.4710864
            ],
            [
              18.4897569,
              54.4710939
            ],
            [
              18.4895244,
              54.4710976
            ],
            [
              18.4893406,
              54.4711109
            ],
            [
              18.4890554,
              54.4711226
            ],
            [
              18.4882778,
              54.4711561
            ],
            [
              18.4873857,
              54.4711748
            ],
            [
              18.4866949,
              54.4711895
            ],
            [
              18.4861556,
              54.4712016
            ],
            [
              18.4859943,
              54.4711927
            ],
            [
              18.4854593,
              54.4712138
            ],
            [
              18.4849734,
              54.4712524
            ],
            [
              18.4846711,
              54.4713037
            ],
            [
              18.4843909,
              54.4713616
            ],
            [
              18.4840444,
              54.4714735
            ],
            [
              18.4837067,
              54.4716309
            ],
            [
              18.4828685,
              54.4718596
            ],
            [
              18.482594,
              54.4719095
            ],
            [
              18.4820216,
              54.4720414
            ],
            [
              18.4814306,
              54.4720889
            ],
            [
              18.481096,
              54.4720979
            ],
            [
              18.4805626,
              54.472078
            ],
            [
              18.480518,
              54.4720737
            ],
            [
              18.4801665,
              54.4720401
            ],
            [
              18.479769,
              54.4719847
            ],
            [
              18.4794794,
              54.4719302
            ],
            [
              18.4791417,
              54.4718364
            ],
            [
              18.4789187,
              54.471771
            ],
            [
              18.4787619,
              54.4717092
            ],
            [
              18.4785675,
              54.4716072
            ],
            [
              18.4782109,
              54.4714253
            ],
            [
              18.4777482,
              54.471194
            ],
            [
              18.4753141,
              54.4699775
            ],
            [
              18.4750869,
              54.4698987
            ],
            [
              18.4749656,
              54.4698598
            ],
            [
              18.4747152,
              54.4697095
            ],
            [
              18.4740529,
              54.4693144
            ],
            [
              18.4726658,
              54.4686699
            ],
            [
              18.4720284,
              54.4682833
            ],
            [
              18.4704359,
              54.4675579
            ],
            [
              18.4699481,
              54.4673195
            ],
            [
              18.4695578,
              54.4671322
            ],
            [
              18.4630426,
              54.4638516
            ],
            [
              18.4624427,
              54.4635875
            ],
            [
              18.4622179,
              54.4634813
            ],
            [
              18.4617943,
              54.463256
            ],
            [
              18.4609832,
              54.4628328
            ],
            [
              18.4608206,
              54.4627457
            ],
            [
              18.4607243,
              54.4625891
            ],
            [
              18.4601318,
              54.4623074
            ],
            [
              18.4597273,
              54.4621167
            ],
            [
              18.4595031,
              54.4619832
            ],
            [
              18.4592465,
              54.4618513
            ],
            [
              18.458443,
              54.4614356
            ],
            [
              18.4566514,
              54.4605081
            ],
            [
              18.4407024,
              54.4524339
            ],
            [
              18.4398524,
              54.4521052
            ],
            [
              18.4397941,
              54.4520776
            ],
            [
              18.4410154,
              54.4512103
            ],
            [
              18.4413955,
              54.4509411
            ],
            [
              18.4418374,
              54.4506274
            ],
            [
              18.441896,
              54.4505471
            ],
            [
              18.4419502,
              54.4503608
            ],
            [
              18.4420605,
              54.4499718
            ],
            [
              18.4420877,
              54.4499053
            ],
            [
              18.4421645,
              54.4496744
            ],
            [
              18.4422052,
              54.4492852
            ],
            [
              18.4422246,
              54.4491699
            ],
            [
              18.4422409,
              54.449073
            ],
            [
              18.4422961,
              54.4487455
            ],
            [
              18.4423767,
              54.4484595
            ],
            [
              18.4424578,
              54.4482498
            ],
            [
              18.4428647,
              54.4478585
            ],
            [
              18.4431486,
              54.4476068
            ],
            [
              18.4435447,
              54.4472662
            ],
            [
              18.4442772,
              54.446969
            ],
            [
              18.4447773,
              54.4467467
            ],
            [
              18.4475113,
              54.4451874
            ],
            [
              18.449881,
              54.4438492
            ],
            [
              18.4502826,
              54.4435687
            ],
            [
              18.4507812,
              54.4432107
            ],
            [
              18.4509276,
              54.4430224
            ],
            [
              18.4510437,
              54.44325
            ],
            [
              18.4517189,
              54.4442154
            ],
            [
              18.4517498,
              54.4442629
            ],
            [
              18.4525985,
              54.4454829
            ],
            [
              18.4526927,
              54.4456184
            ],
            [
              18.4528071,
              54.4457833
            ],
            [
              18.4530081,
              54.4460729
            ],
            [
              18.4532917,
              54.4464894
            ],
            [
              18.4536703,
              54.4470294
            ],
            [
              18.4538037,
              54.4472177
            ],
            [
              18.4539107,
              54.4471945
            ],
            [
              18.4544157,
              54.4470825
            ],
            [
              18.4550718,
              54.4469372
            ],
            [
              18.4553915,
              54.4468667
            ],
            [
              18.4556015,
              54.4468181
            ],
            [
              18.4557137,
              54.4467929
            ],
            [
              18.4557559,
              54.4467838
            ],
            [
              18.4558465,
              54.4467634
            ],
            [
              18.4557861,
              54.4466857
            ],
            [
              18.4554037,
              54.4461684
            ],
            [
              18.4555904,
              54.4461295
            ],
            [
              18.4557698,
              54.446092
            ],
            [
              18.4561702,
              54.4460197
            ],
            [
              18.4562626,
              54.446003
            ],
            [
              18.456305,
              54.4459947
            ],
            [
              18.4571534,
              54.4458396
            ],
            [
              18.4576146,
              54.4457557
            ],
            [
              18.4587121,
              54.4455538
            ],
            [
              18.4589323,
              54.445513
            ],
            [
              18.4594861,
              54.4454194
            ],
            [
              18.4599296,
              54.44535
            ],
            [
              18.4609377,
              54.4452055
            ],
            [
              18.4611558,
              54.4447817
            ],
            [
              18.4613747,
              54.4442818
            ],
            [
              18.4615886,
              54.4443274
            ],
            [
              18.461613,
              54.4443165
            ],
            [
              18.4616602,
              54.4442957
            ],
            [
              18.4620438,
              54.4441099
            ],
            [
              18.4623015,
              54.4439852
            ],
            [
              18.4626084,
              54.4438366
            ],
            [
              18.4630088,
              54.4436426
            ],
            [
              18.4633539,
              54.443387
            ],
            [
              18.46343,
              54.4433277
            ],
            [
              18.4646828,
              54.4423841
            ],
            [
              18.4651732,
              54.4420157
            ],
            [
              18.467268,
              54.4404258
            ],
            [
              18.4677057,
              54.4400819
            ],
            [
              18.4680762,
              54.4397909
            ],
            [
              18.4680962,
              54.4396736
            ],
            [
              18.4681127,
              54.4395872
            ],
            [
              18.4682713,
              54.438758
            ],
            [
              18.4683969,
              54.4381399
            ],
            [
              18.4684356,
              54.437912
            ],
            [
              18.4686319,
              54.436767
            ],
            [
              18.4687426,
              54.436316
            ],
            [
              18.468744,
              54.4363087
            ],
            [
              18.4690965,
              54.4361465
            ],
            [
              18.4699619,
              54.4357497
            ],
            [
              18.4707256,
              54.4355582
            ],
            [
              18.4715266,
              54.4354815
            ],
            [
              18.4695115,
              54.4353594
            ],
            [
              18.4696118,
              54.4352998
            ],
            [
              18.4697381,
              54.435221
            ],
            [
              18.469888,
              54.4351317
            ],
            [
              18.4700491,
              54.4350346
            ],
            [
              18.4702516,
              54.4349355
            ],
            [
              18.4704549,
              54.4348464
            ],
            [
              18.470871,
              54.4346838
            ],
            [
              18.4711007,
              54.4345933
            ],
            [
              18.4715318,
              54.4344231
            ],
            [
              18.4715976,
              54.4343978
            ],
            [
              18.4716679,
              54.434368
            ],
            [
              18.4719182,
              54.43424
            ],
            [
              18.4721149,
              54.4341393
            ],
            [
              18.4723146,
              54.4340372
            ],
            [
              18.4725111,
              54.4339361
            ],
            [
              18.4726827,
              54.4338478
            ],
            [
              18.472742,
              54.4338209
            ],
            [
              18.4728517,
              54.4337577
            ],
            [
              18.4732237,
              54.4335649
            ],
            [
              18.4733995,
              54.4334771
            ],
            [
              18.4737637,
              54.433287
            ],
            [
              18.4742857,
              54.4330144
            ],
            [
              18.4745759,
              54.432863
            ],
            [
              18.4756848,
              54.4322737
            ],
            [
              18.4759073,
              54.4321797
            ],
            [
              18.4761221,
              54.4320944
            ],
            [
              18.476554,
              54.4319251
            ],
            [
              18.4767338,
              54.431853
            ],
            [
              18.4775296,
              54.4315275
            ],
            [
              18.4776167,
              54.4315878
            ],
            [
              18.4777718,
              54.4317213
            ],
            [
              18.4779264,
              54.4318445
            ],
            [
              18.4779279,
              54.4318456
            ],
            [
              18.4782085,
              54.4319341
            ],
            [
              18.478752,
              54.4317473
            ],
            [
              18.4787577,
              54.4317453
            ],
            [
              18.4790466,
              54.4320238
            ],
            [
              18.4797536,
              54.4327265
            ],
            [
              18.4800496,
              54.4328796
            ],
            [
              18.480674,
              54.4331284
            ],
            [
              18.4807345,
              54.4332253
            ],
            [
              18.4812096,
              54.4339187
            ],
            [
              18.4814072,
              54.4342063
            ],
            [
              18.4816387,
              54.4344978
            ],
            [
              18.4822825,
              54.4352917
            ],
            [
              18.4827083,
              54.4358626
            ],
            [
              18.4843392,
              54.4358883
            ],
            [
              18.4844698,
              54.4361526
            ],
            [
              18.4852671,
              54.4376836
            ],
            [
              18.4872489,
              54.437072
            ],
            [
              18.4877835,
              54.4369055
            ],
            [
              18.4883117,
              54.4367365
            ],
            [
              18.4884211,
              54.4367045
            ],
            [
              18.4891864,
              54.4364579
            ],
            [
              18.4888169,
              54.4354565
            ],
            [
              18.4887482,
              54.4352455
            ],
            [
              18.4886221,
              54.4349612
            ],
            [
              18.4884901,
              54.4345992
            ],
            [
              18.4882243,
              54.4338952
            ],
            [
              18.4879508,
              54.4331674
            ],
            [
              18.4882815,
              54.433047
            ],
            [
              18.4898877,
              54.4324815
            ],
            [
              18.4900081,
              54.4322438
            ],
            [
              18.4902775,
              54.4316637
            ],
            [
              18.4922648,
              54.431336
            ],
            [
              18.4918485,
              54.4307519
            ],
            [
              18.491741,
              54.4306004
            ],
            [
              18.4916388,
              54.430463
            ],
            [
              18.4914291,
              54.4301793
            ],
            [
              18.491379,
              54.43012
            ],
            [
              18.4911956,
              54.4298653
            ],
            [
              18.4911509,
              54.4298054
            ],
            [
              18.4907862,
              54.4298532
            ],
            [
              18.4905449,
              54.4298886
            ],
            [
              18.4868628,
              54.4304349
            ],
            [
              18.4866153,
              54.4299039
            ],
            [
              18.4855513,
              54.4300383
            ],
            [
              18.483803,
              54.4302578
            ],
            [
              18.4835695,
              54.4304911
            ],
            [
              18.4830744,
              54.430429
            ],
            [
              18.4829545,
              54.4302063
            ],
            [
              18.4829425,
              54.4301819
            ],
            [
              18.482763,
              54.4297031
            ],
            [
              18.4826738,
              54.4294654
            ],
            [
              18.4826072,
              54.4292878
            ],
            [
              18.4825442,
              54.4291791
            ],
            [
              18.482459,
              54.4290318
            ],
            [
              18.4824526,
              54.4290208
            ],
            [
              18.482411,
              54.4284732
            ],
            [
              18.4824859,
              54.4284609
            ],
            [
              18.4826478,
              54.4284367
            ],
            [
              18.4827991,
              54.428414
            ],
            [
              18.4829101,
              54.4283977
            ],
            [
              18.4836261,
              54.4282923
            ],
            [
              18.4844559,
              54.4281736
            ],
            [
              18.4847784,
              54.4281209
            ],
            [
              18.4851854,
              54.4280683
            ],
            [
              18.4852975,
              54.4280549
            ],
            [
              18.4853696,
              54.4280501
            ],
            [
              18.4855968,
              54.4280253
            ],
            [
              18.4858013,
              54.428018
            ],
            [
              18.4863178,
              54.4279995
            ],
            [
              18.4867438,
              54.4279847
            ],
            [
              18.4870756,
              54.427976
            ],
            [
              18.4871122,
              54.427975
            ],
            [
              18.4872571,
              54.4279712
            ],
            [
              18.4880932,
              54.427973
            ],
            [
              18.48854,
              54.4279998
            ],
            [
              18.4890222,
              54.4279924
            ],
            [
              18.4895536,
              54.4280031
            ],
            [
              18.4898242,
              54.4280077
            ],
            [
              18.4900025,
              54.4280127
            ],
            [
              18.4904378,
              54.4280405
            ],
            [
              18.49081,
              54.4280614
            ],
            [
              18.4911978,
              54.4280834
            ],
            [
              18.4915104,
              54.4280995
            ],
            [
              18.4920919,
              54.4281505
            ],
            [
              18.492849,
              54.428233
            ],
            [
              18.4932671,
              54.4283409
            ],
            [
              18.493723,
              54.4284606
            ],
            [
              18.4949425,
              54.4286876
            ],
            [
              18.4958006,
              54.4288454
            ],
            [
              18.4963121,
              54.4288615
            ],
            [
              18.4967306,
              54.4288625
            ],
            [
              18.4977396,
              54.4288405
            ],
            [
              18.4986737,
              54.4288408
            ],
            [
              18.4996132,
              54.4289153
            ],
            [
              18.5003078,
              54.4288587
            ],
            [
              18.5006208,
              54.4287658
            ],
            [
              18.5008827,
              54.4286803
            ],
            [
              18.5011079,
              54.4286116
            ],
            [
              18.5013762,
              54.4284936
            ],
            [
              18.5016269,
              54.4283515
            ],
            [
              18.5018664,
              54.4281935
            ],
            [
              18.5020309,
              54.4280542
            ],
            [
              18.5021331,
              54.4279158
            ],
            [
              18.5022008,
              54.4277775
            ],
            [
              18.5022992,
              54.4275024
            ],
            [
              18.5023423,
              54.4272683
            ],
            [
              18.5024599,
              54.4272276
            ],
            [
              18.5024695,
              54.4269638
            ],
            [
              18.5025144,
              54.4267227
            ],
            [
              18.5026477,
              54.4263273
            ],
            [
              18.5029097,
              54.4256231
            ],
            [
              18.50307,
              54.4252736
            ],
            [
              18.5032168,
              54.4249688
            ],
            [
              18.5033478,
              54.4247572
            ],
            [
              18.5036956,
              54.4243421
            ],
            [
              18.5040072,
              54.4241108
            ],
            [
              18.5043008,
              54.423961
            ],
            [
              18.504958,
              54.4235892
            ],
            [
              18.5056265,
              54.4232568
            ],
            [
              18.5058907,
              54.4231412
            ],
            [
              18.5062249,
              54.4230163
            ],
            [
              18.5065005,
              54.4229401
            ],
            [
              18.5068821,
              54.4228508
            ],
            [
              18.5075443,
              54.42275
            ]
          ]
        ]
      },
      "id": "relation/2606802"
    },
    {
      "type": "Feature",
      "properties": {
        "@id": "relation/2606804",
        "admin_level": "9",
        "boundary": "administrative",
        "is_in:city": "Gdynia",
        "is_in:province": "województwo pomorskie",
        "name": "Witomino",
        "population": "16748",
        "population:date": "2020",
        "source": "Uchwała nr V/149/19 Rady Miasta Gdyni z dnia 23 stycznia 2019 r.",
        "source:population": "http://stat.gov.pl/obszary-tematyczne/ludnosc/ludnosc/ludnosc-stan-i-struktura-ludnosci-oraz-ruch-naturalny-w-przekroju-terytorialnym-w-2013-r-stan-w-dniu-31-xii,6,12.html",
        "teryt:rm": "99",
        "teryt:simc": "0934441",
        "teryt:stan_na": "2009-01-01",
        "teryt:sympod": "0934100",
        "type": "boundary",
        "wikidata": "Q9375925",
        "wikipedia": "pl:Witomino"
      },
      "geometry": {
        "type": "Polygon",
        "coordinates": [
          [
            [
              18.5053398,
              54.5150329
            ],
            [
              18.5050612,
              54.5149799
            ],
            [
              18.5047239,
              54.5148268
            ],
            [
              18.5045561,
              54.5145448
            ],
            [
              18.5044386,
              54.5144867
            ],
            [
              18.5038886,
              54.514529
            ],
            [
              18.5036178,
              54.5144598
            ],
            [
              18.5033883,
              54.5143293
            ],
            [
              18.5031846,
              54.5141785
            ],
            [
              18.5029237,
              54.5140864
            ],
            [
              18.502324,
              54.5141025
            ],
            [
              18.5016427,
              54.5139937
            ],
            [
              18.5009077,
              54.5139213
            ],
            [
              18.5003673,
              54.5136979
            ],
            [
              18.5000353,
              54.5134951
            ],
            [
              18.4997119,
              54.5133829
            ],
            [
              18.4994843,
              54.5133559
            ],
            [
              18.4993044,
              54.5133558
            ],
            [
              18.4978436,
              54.5133348
            ],
            [
              18.4969435,
              54.5133058
            ],
            [
              18.4961671,
              54.51328
            ],
            [
              18.4957963,
              54.5130156
            ],
            [
              18.495474,
              54.5127918
            ],
            [
              18.4951145,
              54.5124395
            ],
            [
              18.4947598,
              54.5122013
            ],
            [
              18.4945883,
              54.5120127
            ],
            [
              18.4944278,
              54.5117724
            ],
            [
              18.4941652,
              54.5110238
            ],
            [
              18.4940439,
              54.5107498
            ],
            [
              18.4913395,
              54.5097008
            ],
            [
              18.4909644,
              54.5095428
            ],
            [
              18.4885764,
              54.5086241
            ],
            [
              18.4881849,
              54.5089941
            ],
            [
              18.4876735,
              54.5095247
            ],
            [
              18.4864614,
              54.5101797
            ],
            [
              18.485563,
              54.5109251
            ],
            [
              18.4848207,
              54.5112787
            ],
            [
              18.4843873,
              54.511441
            ],
            [
              18.4825763,
              54.5117698
            ],
            [
              18.4807734,
              54.5122658
            ],
            [
              18.4802441,
              54.5124134
            ],
            [
              18.4801538,
              54.5124439
            ],
            [
              18.4801044,
              54.5124315
            ],
            [
              18.4800416,
              54.5123072
            ],
            [
              18.4799454,
              54.5121549
            ],
            [
              18.4796575,
              54.5118123
            ],
            [
              18.4794669,
              54.5115285
            ],
            [
              18.4791386,
              54.5111488
            ],
            [
              18.4788766,
              54.5106934
            ],
            [
              18.4785458,
              54.5100272
            ],
            [
              18.4784005,
              54.5098814
            ],
            [
              18.4771816,
              54.5092964
            ],
            [
              18.4770283,
              54.5090602
            ],
            [
              18.4765803,
              54.5090355
            ],
            [
              18.4763261,
              54.5087426
            ],
            [
              18.4756651,
              54.5072494
            ],
            [
              18.4763667,
              54.5064511
            ],
            [
              18.4765954,
              54.5061173
            ],
            [
              18.4756744,
              54.5049966
            ],
            [
              18.4756726,
              54.5047959
            ],
            [
              18.4755667,
              54.5040712
            ],
            [
              18.4757331,
              54.5035701
            ],
            [
              18.4757695,
              54.5034573
            ],
            [
              18.4759218,
              54.5030513
            ],
            [
              18.4729538,
              54.502861
            ],
            [
              18.4729515,
              54.5028132
            ],
            [
              18.4729899,
              54.5021205
            ],
            [
              18.4729773,
              54.5019389
            ],
            [
              18.472975,
              54.5018938
            ],
            [
              18.4729743,
              54.5018643
            ],
            [
              18.4729738,
              54.5016739
            ],
            [
              18.4729731,
              54.5015013
            ],
            [
              18.4729719,
              54.5012294
            ],
            [
              18.4729747,
              54.5006895
            ],
            [
              18.4729734,
              54.5005151
            ],
            [
              18.4729667,
              54.5002935
            ],
            [
              18.4729662,
              54.5002773
            ],
            [
              18.4729688,
              54.5000772
            ],
            [
              18.4766478,
              54.4997889
            ],
            [
              18.4765882,
              54.4997397
            ],
            [
              18.4763561,
              54.4997572
            ],
            [
              18.4766605,
              54.4988347
            ],
            [
              18.4769765,
              54.4982988
            ],
            [
              18.4775548,
              54.4977713
            ],
            [
              18.4777997,
              54.4972282
            ],
            [
              18.47796,
              54.496889
            ],
            [
              18.4780479,
              54.4959991
            ],
            [
              18.4779579,
              54.4955323
            ],
            [
              18.4771474,
              54.4948297
            ],
            [
              18.4750318,
              54.4933479
            ],
            [
              18.4745291,
              54.4930401
            ],
            [
              18.4744394,
              54.492709
            ],
            [
              18.4742641,
              54.492512
            ],
            [
              18.4736579,
              54.4918772
            ],
            [
              18.4738948,
              54.4917134
            ],
            [
              18.4742055,
              54.4917004
            ],
            [
              18.4744931,
              54.4916607
            ],
            [
              18.4746091,
              54.4916154
            ],
            [
              18.4750342,
              54.491597
            ],
            [
              18.4752298,
              54.4916383
            ],
            [
              18.4753262,
              54.4916131
            ],
            [
              18.475379,
              54.4915563
            ],
            [
              18.4755506,
              54.4915576
            ],
            [
              18.4758983,
              54.4916097
            ],
            [
              18.4761169,
              54.4916047
            ],
            [
              18.4761592,
              54.4915698
            ],
            [
              18.4762646,
              54.4915572
            ],
            [
              18.4767248,
              54.4915954
            ],
            [
              18.4769174,
              54.4914767
            ],
            [
              18.4772323,
              54.4913687
            ],
            [
              18.4775498,
              54.4913843
            ],
            [
              18.4777037,
              54.491335
            ],
            [
              18.4781333,
              54.4913654
            ],
            [
              18.4784038,
              54.4912982
            ],
            [
              18.4784857,
              54.4912885
            ],
            [
              18.4788672,
              54.4913282
            ],
            [
              18.4792053,
              54.4914129
            ],
            [
              18.4794907,
              54.4915396
            ],
            [
              18.4797691,
              54.4914189
            ],
            [
              18.4798855,
              54.4914211
            ],
            [
              18.4800539,
              54.4915129
            ],
            [
              18.4802205,
              54.4915041
            ],
            [
              18.4805194,
              54.491453
            ],
            [
              18.4805873,
              54.4914129
            ],
            [
              18.4805601,
              54.4913824
            ],
            [
              18.4806382,
              54.4913057
            ],
            [
              18.4806686,
              54.4912879
            ],
            [
              18.4807014,
              54.4912388
            ],
            [
              18.4806277,
              54.4911281
            ],
            [
              18.4807197,
              54.4910644
            ],
            [
              18.4808453,
              54.4909963
            ],
            [
              18.4808076,
              54.490897
            ],
            [
              18.4807025,
              54.4907767
            ],
            [
              18.4807752,
              54.4907067
            ],
            [
              18.4809321,
              54.4906492
            ],
            [
              18.4809578,
              54.4905279
            ],
            [
              18.4810593,
              54.4904519
            ],
            [
              18.4812561,
              54.4903774
            ],
            [
              18.4814581,
              54.4904134
            ],
            [
              18.481857,
              54.4903714
            ],
            [
              18.4821635,
              54.4902029
            ],
            [
              18.4821968,
              54.4901687
            ],
            [
              18.4822914,
              54.4901609
            ],
            [
              18.4826246,
              54.4902201
            ],
            [
              18.4829183,
              54.4903294
            ],
            [
              18.4835321,
              54.4903036
            ],
            [
              18.4836047,
              54.4902918
            ],
            [
              18.483717,
              54.4902122
            ],
            [
              18.4840492,
              54.490134
            ],
            [
              18.4841071,
              54.4900113
            ],
            [
              18.4842241,
              54.4899833
            ],
            [
              18.4842787,
              54.4899105
            ],
            [
              18.4846289,
              54.4897356
            ],
            [
              18.4848126,
              54.489681
            ],
            [
              18.4849435,
              54.4893481
            ],
            [
              18.4847423,
              54.4892505
            ],
            [
              18.4847734,
              54.4891725
            ],
            [
              18.4848767,
              54.4890672
            ],
            [
              18.4850065,
              54.4889784
            ],
            [
              18.4852812,
              54.4888894
            ],
            [
              18.4853358,
              54.4889173
            ],
            [
              18.4854704,
              54.4888824
            ],
            [
              18.4855425,
              54.4889026
            ],
            [
              18.4860011,
              54.4888518
            ],
            [
              18.4862265,
              54.4888481
            ],
            [
              18.4868979,
              54.4887221
            ],
            [
              18.4870548,
              54.4886697
            ],
            [
              18.4870764,
              54.4885972
            ],
            [
              18.487145,
              54.4885834
            ],
            [
              18.487306,
              54.4884182
            ],
            [
              18.4873918,
              54.4883694
            ],
            [
              18.4878004,
              54.4882876
            ],
            [
              18.4879915,
              54.4881834
            ],
            [
              18.488403,
              54.4881972
            ],
            [
              18.4885575,
              54.488224
            ],
            [
              18.4887799,
              54.4881941
            ],
            [
              18.4890424,
              54.4882206
            ],
            [
              18.4891858,
              54.4881724
            ],
            [
              18.4896891,
              54.4881834
            ],
            [
              18.4902494,
              54.4881442
            ],
            [
              18.4910026,
              54.4885969
            ],
            [
              18.4912256,
              54.4887405
            ],
            [
              18.4917129,
              54.4889793
            ],
            [
              18.4914018,
              54.4889452
            ],
            [
              18.4913835,
              54.4890189
            ],
            [
              18.491778,
              54.4891633
            ],
            [
              18.4919425,
              54.4891604
            ],
            [
              18.49209,
              54.4891295
            ],
            [
              18.4931335,
              54.4894925
            ],
            [
              18.4938276,
              54.4896892
            ],
            [
              18.4941129,
              54.4897487
            ],
            [
              18.4944593,
              54.4898227
            ],
            [
              18.495026,
              54.4899202
            ],
            [
              18.4955684,
              54.4900033
            ],
            [
              18.4959457,
              54.4900537
            ],
            [
              18.4964393,
              54.49012
            ],
            [
              18.4968776,
              54.4901896
            ],
            [
              18.4973768,
              54.4901322
            ],
            [
              18.498403,
              54.4902494
            ],
            [
              18.4989801,
              54.4901626
            ],
            [
              18.4993855,
              54.490087
            ],
            [
              18.4996964,
              54.4898885
            ],
            [
              18.5002254,
              54.4897337
            ],
            [
              18.5007251,
              54.4896311
            ],
            [
              18.5008226,
              54.4896755
            ],
            [
              18.5013758,
              54.4894643
            ],
            [
              18.5014751,
              54.4896948
            ],
            [
              18.5015763,
              54.4896893
            ],
            [
              18.5015282,
              54.4894411
            ],
            [
              18.5017172,
              54.4892719
            ],
            [
              18.5022706,
              54.4891249
            ],
            [
              18.5031077,
              54.489164
            ],
            [
              18.503531,
              54.4891277
            ],
            [
              18.5049041,
              54.4885789
            ],
            [
              18.50513,
              54.4883961
            ],
            [
              18.5053033,
              54.4881673
            ],
            [
              18.5059174,
              54.4879807
            ],
            [
              18.5061376,
              54.4877663
            ],
            [
              18.5065803,
              54.4877283
            ],
            [
              18.5069244,
              54.4874823
            ],
            [
              18.5071611,
              54.4874167
            ],
            [
              18.5076819,
              54.4870013
            ],
            [
              18.5078078,
              54.4869745
            ],
            [
              18.5079488,
              54.4870565
            ],
            [
              18.5081343,
              54.487266
            ],
            [
              18.5083836,
              54.4872587
            ],
            [
              18.5083765,
              54.487333
            ],
            [
              18.5083272,
              54.4874398
            ],
            [
              18.5081857,
              54.4876623
            ],
            [
              18.5082601,
              54.4876709
            ],
            [
              18.5084441,
              54.4874891
            ],
            [
              18.5085641,
              54.4873599
            ],
            [
              18.5085972,
              54.4872477
            ],
            [
              18.5085482,
              54.4870685
            ],
            [
              18.5085774,
              54.4869324
            ],
            [
              18.5089525,
              54.4867407
            ],
            [
              18.5092986,
              54.4865887
            ],
            [
              18.5096038,
              54.4865138
            ],
            [
              18.510398,
              54.4863767
            ],
            [
              18.5107703,
              54.4863324
            ],
            [
              18.5112634,
              54.4863505
            ],
            [
              18.5115051,
              54.4862967
            ],
            [
              18.5116839,
              54.4862909
            ],
            [
              18.5118149,
              54.4863545
            ],
            [
              18.5118822,
              54.4864529
            ],
            [
              18.5118635,
              54.486567
            ],
            [
              18.5119613,
              54.486587
            ],
            [
              18.5120575,
              54.4863995
            ],
            [
              18.5120842,
              54.4862146
            ],
            [
              18.5123378,
              54.4862751
            ],
            [
              18.5130685,
              54.4865789
            ],
            [
              18.513242,
              54.4865951
            ],
            [
              18.5139846,
              54.4865826
            ],
            [
              18.5149059,
              54.4869253
            ],
            [
              18.515862,
              54.4869244
            ],
            [
              18.5161669,
              54.4870493
            ],
            [
              18.5174182,
              54.4874717
            ],
            [
              18.5177667,
              54.4877139
            ],
            [
              18.518219,
              54.4877264
            ],
            [
              18.5183904,
              54.4877468
            ],
            [
              18.5185307,
              54.4877188
            ],
            [
              18.5190652,
              54.4881229
            ],
            [
              18.5193078,
              54.4882481
            ],
            [
              18.5197798,
              54.4881596
            ],
            [
              18.5204378,
              54.4881373
            ],
            [
              18.5207687,
              54.4882242
            ],
            [
              18.5211438,
              54.4882929
            ],
            [
              18.5214032,
              54.4883831
            ],
            [
              18.5218284,
              54.4884443
            ],
            [
              18.5220897,
              54.4884596
            ],
            [
              18.5226021,
              54.4885763
            ],
            [
              18.5231673,
              54.4886374
            ],
            [
              18.5233321,
              54.4889556
            ],
            [
              18.5234236,
              54.4889964
            ],
            [
              18.523655,
              54.4888582
            ],
            [
              18.5239172,
              54.488792
            ],
            [
              18.5240271,
              54.4887425
            ],
            [
              18.524362,
              54.4887501
            ],
            [
              18.5251611,
              54.488816
            ],
            [
              18.5254736,
              54.4888173
            ],
            [
              18.525897,
              54.4889498
            ],
            [
              18.5263134,
              54.4889764
            ],
            [
              18.5265896,
              54.4891202
            ],
            [
              18.5272249,
              54.4894747
            ],
            [
              18.5276955,
              54.4898595
            ],
            [
              18.5278286,
              54.4900045
            ],
            [
              18.5280699,
              54.4899882
            ],
            [
              18.528824,
              54.4902266
            ],
            [
              18.5293598,
              54.4903572
            ],
            [
              18.5298258,
              54.4901568
            ],
            [
              18.5300463,
              54.4910663
            ],
            [
              18.5301175,
              54.4914436
            ],
            [
              18.5301149,
              54.4916731
            ],
            [
              18.5300828,
              54.4920609
            ],
            [
              18.5296177,
              54.4929774
            ],
            [
              18.5297657,
              54.4932823
            ],
            [
              18.5298415,
              54.4934392
            ],
            [
              18.5298754,
              54.4935093
            ],
            [
              18.5299243,
              54.4936396
            ],
            [
              18.529946,
              54.4936873
            ],
            [
              18.5299765,
              54.4937429
            ],
            [
              18.5299395,
              54.4938732
            ],
            [
              18.5299277,
              54.493948
            ],
            [
              18.5299035,
              54.4940498
            ],
            [
              18.5298914,
              54.4941375
            ],
            [
              18.5298829,
              54.4942547
            ],
            [
              18.5298766,
              54.4943386
            ],
            [
              18.529886,
              54.4943896
            ],
            [
              18.5298709,
              54.4945353
            ],
            [
              18.5298734,
              54.4945806
            ],
            [
              18.5298841,
              54.4946441
            ],
            [
              18.5298695,
              54.4947218
            ],
            [
              18.5298366,
              54.4948048
            ],
            [
              18.5298137,
              54.4948964
            ],
            [
              18.5297908,
              54.4950041
            ],
            [
              18.5297571,
              54.4951141
            ],
            [
              18.5297214,
              54.495233
            ],
            [
              18.5296163,
              54.4955468
            ],
            [
              18.5295374,
              54.4958037
            ],
            [
              18.5295079,
              54.4960001
            ],
            [
              18.5294484,
              54.4961487
            ],
            [
              18.5294523,
              54.49625
            ],
            [
              18.5294589,
              54.4964344
            ],
            [
              18.5294287,
              54.4967305
            ],
            [
              18.5293739,
              54.497256
            ],
            [
              18.5295444,
              54.4981038
            ],
            [
              18.5299379,
              54.4990814
            ],
            [
              18.5302698,
              54.4995663
            ],
            [
              18.5304065,
              54.5000371
            ],
            [
              18.5304966,
              54.500433
            ],
            [
              18.5306625,
              54.5011564
            ],
            [
              18.5305294,
              54.5016573
            ],
            [
              18.5304394,
              54.5019963
            ],
            [
              18.5301729,
              54.5021351
            ],
            [
              18.5301959,
              54.5033987
            ],
            [
              18.5302897,
              54.5038329
            ],
            [
              18.5303738,
              54.5044529
            ],
            [
              18.530669,
              54.5056372
            ],
            [
              18.5303102,
              54.5063791
            ],
            [
              18.5302024,
              54.5066056
            ],
            [
              18.5299407,
              54.5071539
            ],
            [
              18.5298292,
              54.5074056
            ],
            [
              18.5295187,
              54.5081068
            ],
            [
              18.5294773,
              54.5081957
            ],
            [
              18.5290789,
              54.5081818
            ],
            [
              18.5283778,
              54.508174
            ],
            [
              18.5268921,
              54.5082273
            ],
            [
              18.525894,
              54.5082693
            ],
            [
              18.5254743,
              54.5082512
            ],
            [
              18.5250015,
              54.5081985
            ],
            [
              18.5245124,
              54.5080949
            ],
            [
              18.5240126,
              54.5079388
            ],
            [
              18.5236258,
              54.5077651
            ],
            [
              18.5232089,
              54.507506
            ],
            [
              18.5226343,
              54.507002
            ],
            [
              18.5221126,
              54.5065506
            ],
            [
              18.5216699,
              54.5063341
            ],
            [
              18.5210681,
              54.5061132
            ],
            [
              18.5204007,
              54.506434
            ],
            [
              18.5200304,
              54.5066559
            ],
            [
              18.5193296,
              54.5070647
            ],
            [
              18.5189034,
              54.5073615
            ],
            [
              18.5190961,
              54.507746
            ],
            [
              18.5194891,
              54.5083543
            ],
            [
              18.5183435,
              54.5089646
            ],
            [
              18.5168394,
              54.5091406
            ],
            [
              18.515283,
              54.5096919
            ],
            [
              18.5127378,
              54.5106754
            ],
            [
              18.5118155,
              54.5111073
            ],
            [
              18.5102456,
              54.5116826
            ],
            [
              18.5093689,
              54.5120222
            ],
            [
              18.5083524,
              54.512416
            ],
            [
              18.5077312,
              54.5126563
            ],
            [
              18.5075419,
              54.5127598
            ],
            [
              18.507134,
              54.5129751
            ],
            [
              18.5063993,
              54.5133338
            ],
            [
              18.5059716,
              54.5134743
            ],
            [
              18.5059313,
              54.5134855
            ],
            [
              18.5058461,
              54.5135193
            ],
            [
              18.5057317,
              54.5135384
            ],
            [
              18.5050992,
              54.5139007
            ],
            [
              18.5052652,
              54.5141916
            ],
            [
              18.5053398,
              54.5150329
            ]
          ]
        ]
      },
      "id": "relation/2606804"
    },
    {
      "type": "Feature",
      "properties": {
        "@id": "relation/2606805",
        "admin_level": "9",
        "boundary": "administrative",
        "is_in:city": "Gdynia",
        "is_in:province": "województwo pomorskie",
        "name": "Wzgórze Świętego Maksymiliana",
        "type": "boundary"
      },
      "geometry": {
        "type": "Polygon",
        "coordinates": [
          [
            [
              18.5544599,
              54.5079261
            ],
            [
              18.5534259,
              54.5079106
            ],
            [
              18.5532183,
              54.5079102
            ],
            [
              18.5518976,
              54.5079076
            ],
            [
              18.5500521,
              54.5078602
            ],
            [
              18.5495369,
              54.507847
            ],
            [
              18.54949,
              54.5078458
            ],
            [
              18.5494804,
              54.5078239
            ],
            [
              18.5493965,
              54.5076321
            ],
            [
              18.5475647,
              54.5078959
            ],
            [
              18.53942,
              54.5090949
            ],
            [
              18.5394091,
              54.5090653
            ],
            [
              18.539317,
              54.5090795
            ],
            [
              18.5383459,
              54.5092207
            ],
            [
              18.5383328,
              54.5091954
            ],
            [
              18.5371207,
              54.5093576
            ],
            [
              18.5368749,
              54.5093728
            ],
            [
              18.5352016,
              54.5094458
            ],
            [
              18.5351438,
              54.508865
            ],
            [
              18.535069,
              54.5081123
            ],
            [
              18.5347868,
              54.5081473
            ],
            [
              18.5339854,
              54.50817
            ],
            [
              18.5310485,
              54.5082514
            ],
            [
              18.5295187,
              54.5081068
            ],
            [
              18.5298292,
              54.5074056
            ],
            [
              18.5299407,
              54.5071539
            ],
            [
              18.5302024,
              54.5066056
            ],
            [
              18.5303102,
              54.5063791
            ],
            [
              18.530669,
              54.5056372
            ],
            [
              18.5303738,
              54.5044529
            ],
            [
              18.5302897,
              54.5038329
            ],
            [
              18.5301959,
              54.5033987
            ],
            [
              18.5301729,
              54.5021351
            ],
            [
              18.5304394,
              54.5019963
            ],
            [
              18.5305294,
              54.5016573
            ],
            [
              18.5306625,
              54.5011564
            ],
            [
              18.5304966,
              54.500433
            ],
            [
              18.5304065,
              54.5000371
            ],
            [
              18.5302698,
              54.4995663
            ],
            [
              18.5299379,
              54.4990814
            ],
            [
              18.5295444,
              54.4981038
            ],
            [
              18.5293739,
              54.497256
            ],
            [
              18.5294287,
              54.4967305
            ],
            [
              18.529701,
              54.4967185
            ],
            [
              18.5301155,
              54.4967003
            ],
            [
              18.5302092,
              54.4966964
            ],
            [
              18.5310006,
              54.4966637
            ],
            [
              18.5317686,
              54.4966319
            ],
            [
              18.5325907,
              54.4965963
            ],
            [
              18.5331083,
              54.4965825
            ],
            [
              18.5331137,
              54.4966198
            ],
            [
              18.5331217,
              54.4966743
            ],
            [
              18.5335871,
              54.4966823
            ],
            [
              18.533923,
              54.4966836
            ],
            [
              18.5354106,
              54.4968309
            ],
            [
              18.5355913,
              54.4968158
            ],
            [
              18.5356377,
              54.4968393
            ],
            [
              18.5356646,
              54.4968436
            ],
            [
              18.5357358,
              54.4968568
            ],
            [
              18.5358383,
              54.496864
            ],
            [
              18.5361276,
              54.4969155
            ],
            [
              18.5361638,
              54.4969121
            ],
            [
              18.5361356,
              54.4970203
            ],
            [
              18.5378615,
              54.4971713
            ],
            [
              18.5378704,
              54.4971409
            ],
            [
              18.5380085,
              54.4971533
            ],
            [
              18.5382647,
              54.497211
            ],
            [
              18.5390917,
              54.4972543
            ],
            [
              18.5390975,
              54.4972455
            ],
            [
              18.5416763,
              54.4973999
            ],
            [
              18.5416886,
              54.4974005
            ],
            [
              18.5421285,
              54.4974221
            ],
            [
              18.5422764,
              54.4974219
            ],
            [
              18.5423818,
              54.4974143
            ],
            [
              18.54254,
              54.4973901
            ],
            [
              18.5426644,
              54.4973657
            ],
            [
              18.5427788,
              54.4973282
            ],
            [
              18.5428821,
              54.4972885
            ],
            [
              18.5431486,
              54.4971392
            ],
            [
              18.5438669,
              54.4975895
            ],
            [
              18.5439184,
              54.4976152
            ],
            [
              18.5439825,
              54.497635
            ],
            [
              18.5443015,
              54.49768
            ],
            [
              18.5446029,
              54.4977236
            ],
            [
              18.5449261,
              54.4977874
            ],
            [
              18.5450791,
              54.4978341
            ],
            [
              18.5452358,
              54.497904
            ],
            [
              18.5453579,
              54.497973
            ],
            [
              18.5455026,
              54.4980831
            ],
            [
              18.5456292,
              54.4982057
            ],
            [
              18.5457954,
              54.4983367
            ],
            [
              18.5459466,
              54.4984393
            ],
            [
              18.5461503,
              54.4985451
            ],
            [
              18.5464001,
              54.4986377
            ],
            [
              18.5466209,
              54.4986952
            ],
            [
              18.5469236,
              54.4987537
            ],
            [
              18.5476098,
              54.4988553
            ],
            [
              18.5482434,
              54.4989541
            ],
            [
              18.548926,
              54.4990606
            ],
            [
              18.5491604,
              54.4985221
            ],
            [
              18.5497399,
              54.498607
            ],
            [
              18.550245,
              54.4989428
            ],
            [
              18.5508892,
              54.4989637
            ],
            [
              18.5514567,
              54.4991587
            ],
            [
              18.5518344,
              54.4992109
            ],
            [
              18.5520148,
              54.4993377
            ],
            [
              18.5552593,
              54.5001977
            ],
            [
              18.5556219,
              54.5008409
            ],
            [
              18.5561043,
              54.5013609
            ],
            [
              18.5565196,
              54.5017297
            ],
            [
              18.556612,
              54.5018935
            ],
            [
              18.5565907,
              54.5019692
            ],
            [
              18.5565425,
              54.5019566
            ],
            [
              18.5563677,
              54.5021543
            ],
            [
              18.555663,
              54.5019952
            ],
            [
              18.5555585,
              54.5020033
            ],
            [
              18.555464,
              54.5020318
            ],
            [
              18.5553812,
              54.5020829
            ],
            [
              18.5553103,
              54.5021504
            ],
            [
              18.5552656,
              54.5022369
            ],
            [
              18.55527,
              54.5023062
            ],
            [
              18.555331,
              54.5023662
            ],
            [
              18.5554022,
              54.5024067
            ],
            [
              18.5561329,
              54.502567
            ],
            [
              18.5561379,
              54.5025835
            ],
            [
              18.5562908,
              54.502616
            ],
            [
              18.5563162,
              54.5028054
            ],
            [
              18.5563467,
              54.5029102
            ],
            [
              18.5563961,
              54.503019
            ],
            [
              18.5564752,
              54.5031394
            ],
            [
              18.5565454,
              54.5032259
            ],
            [
              18.5566437,
              54.5033214
            ],
            [
              18.5565884,
              54.5033641
            ],
            [
              18.5566288,
              54.5034295
            ],
            [
              18.5566304,
              54.5035162
            ],
            [
              18.5566755,
              54.5035428
            ],
            [
              18.5565183,
              54.5036683
            ],
            [
              18.5566252,
              54.5037154
            ],
            [
              18.5567612,
              54.5037754
            ],
            [
              18.5568264,
              54.5037696
            ],
            [
              18.557116,
              54.5035923
            ],
            [
              18.5572381,
              54.5034671
            ],
            [
              18.5572733,
              54.5033967
            ],
            [
              18.5574926,
              54.5033689
            ],
            [
              18.557561,
              54.5033821
            ],
            [
              18.5575788,
              54.5033807
            ],
            [
              18.5575979,
              54.5033736
            ],
            [
              18.55766,
              54.5032716
            ],
            [
              18.5581811,
              54.5033834
            ],
            [
              18.5581357,
              54.5034341
            ],
            [
              18.5576685,
              54.5041125
            ],
            [
              18.5575538,
              54.5042791
            ],
            [
              18.5572171,
              54.5046333
            ],
            [
              18.5566055,
              54.5051607
            ],
            [
              18.5569092,
              54.5053475
            ],
            [
              18.5574408,
              54.5051222
            ],
            [
              18.5575114,
              54.5051655
            ],
            [
              18.5570497,
              54.5054339
            ],
            [
              18.5567691,
              54.5056039
            ],
            [
              18.5564357,
              54.5058194
            ],
            [
              18.5561135,
              54.50605
            ],
            [
              18.5557518,
              54.5063436
            ],
            [
              18.5554914,
              54.5065896
            ],
            [
              18.555357,
              54.5067233
            ],
            [
              18.55522,
              54.5068714
            ],
            [
              18.5550717,
              54.5070454
            ],
            [
              18.5548472,
              54.5073492
            ],
            [
              18.5546575,
              54.50763
            ],
            [
              18.5545152,
              54.5078497
            ],
            [
              18.5544599,
              54.5079261
            ]
          ]
        ]
      },
      "id": "relation/2606805"
    },
    {
      "type": "Feature",
      "properties": {
        "@id": "relation/2607282",
        "admin_level": "9",
        "boundary": "administrative",
        "is_in:city": "Gdynia",
        "is_in:province": "województwo pomorskie",
        "name": "Redłowo",
        "type": "boundary"
      },
      "geometry": {
        "type": "Polygon",
        "coordinates": [
          [
            [
              18.5656601,
              54.4824928
            ],
            [
              18.5658369,
              54.4828161
            ],
            [
              18.5660288,
              54.4830627
            ],
            [
              18.5662964,
              54.4833172
            ],
            [
              18.5666363,
              54.4835954
            ],
            [
              18.5668429,
              54.4837554
            ],
            [
              18.5670681,
              54.4839759
            ],
            [
              18.5672296,
              54.4841422
            ],
            [
              18.5673335,
              54.4842323
            ],
            [
              18.5674637,
              54.4843177
            ],
            [
              18.5677969,
              54.4845351
            ],
            [
              18.5680459,
              54.4846464
            ],
            [
              18.5682136,
              54.4847213
            ],
            [
              18.5686152,
              54.4849066
            ],
            [
              18.5688543,
              54.4850783
            ],
            [
              18.5689888,
              54.4852317
            ],
            [
              18.56905,
              54.4853094
            ],
            [
              18.5689969,
              54.485638
            ],
            [
              18.5689466,
              54.4857449
            ],
            [
              18.5688326,
              54.4860021
            ],
            [
              18.5686876,
              54.4863639
            ],
            [
              18.5685599,
              54.4866231
            ],
            [
              18.5681358,
              54.4873788
            ],
            [
              18.5679449,
              54.4878665
            ],
            [
              18.5679204,
              54.4880015
            ],
            [
              18.5678939,
              54.4881493
            ],
            [
              18.5678454,
              54.4882904
            ],
            [
              18.5676816,
              54.4885656
            ],
            [
              18.5674495,
              54.4888965
            ],
            [
              18.5671873,
              54.4892036
            ],
            [
              18.5667369,
              54.4896733
            ],
            [
              18.5664458,
              54.4900386
            ],
            [
              18.566119,
              54.4906025
            ],
            [
              18.5656053,
              54.4914053
            ],
            [
              18.5651009,
              54.4922801
            ],
            [
              18.5646925,
              54.492858
            ],
            [
              18.5644765,
              54.4932902
            ],
            [
              18.5642389,
              54.4937962
            ],
            [
              18.5637948,
              54.4946732
            ],
            [
              18.5635094,
              54.4951532
            ],
            [
              18.5633398,
              54.4955257
            ],
            [
              18.5632573,
              54.4960774
            ],
            [
              18.5631904,
              54.4964352
            ],
            [
              18.563241,
              54.4965178
            ],
            [
              18.5632693,
              54.4966549
            ],
            [
              18.563314,
              54.4970356
            ],
            [
              18.5633001,
              54.4973341
            ],
            [
              18.5632189,
              54.4974927
            ],
            [
              18.5628193,
              54.4978896
            ],
            [
              18.5625923,
              54.4981393
            ],
            [
              18.5624013,
              54.4982978
            ],
            [
              18.5619785,
              54.4985499
            ],
            [
              18.5615704,
              54.4989479
            ],
            [
              18.561345,
              54.4991914
            ],
            [
              18.5610623,
              54.4995642
            ],
            [
              18.5606316,
              54.5000411
            ],
            [
              18.5603592,
              54.500392
            ],
            [
              18.5599476,
              54.5008759
            ],
            [
              18.5596606,
              54.5012825
            ],
            [
              18.559265,
              54.5017323
            ],
            [
              18.5590296,
              54.5020377
            ],
            [
              18.5588913,
              54.5022124
            ],
            [
              18.5588452,
              54.5023353
            ],
            [
              18.5588666,
              54.5023935
            ],
            [
              18.5590291,
              54.5024396
            ],
            [
              18.5588011,
              54.5026918
            ],
            [
              18.5581811,
              54.5033834
            ],
            [
              18.55766,
              54.5032716
            ],
            [
              18.5575979,
              54.5033736
            ],
            [
              18.5575788,
              54.5033807
            ],
            [
              18.557561,
              54.5033821
            ],
            [
              18.5574926,
              54.5033689
            ],
            [
              18.5572733,
              54.5033967
            ],
            [
              18.5572381,
              54.5034671
            ],
            [
              18.557116,
              54.5035923
            ],
            [
              18.5568264,
              54.5037696
            ],
            [
              18.5567612,
              54.5037754
            ],
            [
              18.5566252,
              54.5037154
            ],
            [
              18.5565183,
              54.5036683
            ],
            [
              18.5566755,
              54.5035428
            ],
            [
              18.5566304,
              54.5035162
            ],
            [
              18.5566288,
              54.5034295
            ],
            [
              18.5565884,
              54.5033641
            ],
            [
              18.5566437,
              54.5033214
            ],
            [
              18.5565454,
              54.5032259
            ],
            [
              18.5564752,
              54.5031394
            ],
            [
              18.5563961,
              54.503019
            ],
            [
              18.5563467,
              54.5029102
            ],
            [
              18.5563162,
              54.5028054
            ],
            [
              18.5562908,
              54.502616
            ],
            [
              18.5561379,
              54.5025835
            ],
            [
              18.5561329,
              54.502567
            ],
            [
              18.5554022,
              54.5024067
            ],
            [
              18.555331,
              54.5023662
            ],
            [
              18.55527,
              54.5023062
            ],
            [
              18.5552656,
              54.5022369
            ],
            [
              18.5553103,
              54.5021504
            ],
            [
              18.5553812,
              54.5020829
            ],
            [
              18.555464,
              54.5020318
            ],
            [
              18.5555585,
              54.5020033
            ],
            [
              18.555663,
              54.5019952
            ],
            [
              18.5563677,
              54.5021543
            ],
            [
              18.5565425,
              54.5019566
            ],
            [
              18.5565907,
              54.5019692
            ],
            [
              18.556612,
              54.5018935
            ],
            [
              18.5565196,
              54.5017297
            ],
            [
              18.5561043,
              54.5013609
            ],
            [
              18.5556219,
              54.5008409
            ],
            [
              18.5552593,
              54.5001977
            ],
            [
              18.5520148,
              54.4993377
            ],
            [
              18.5518344,
              54.4992109
            ],
            [
              18.5514567,
              54.4991587
            ],
            [
              18.5508892,
              54.4989637
            ],
            [
              18.550245,
              54.4989428
            ],
            [
              18.5497399,
              54.498607
            ],
            [
              18.5491604,
              54.4985221
            ],
            [
              18.548926,
              54.4990606
            ],
            [
              18.5482434,
              54.4989541
            ],
            [
              18.5476098,
              54.4988553
            ],
            [
              18.5469236,
              54.4987537
            ],
            [
              18.5466209,
              54.4986952
            ],
            [
              18.5464001,
              54.4986377
            ],
            [
              18.5461503,
              54.4985451
            ],
            [
              18.5459466,
              54.4984393
            ],
            [
              18.5457954,
              54.4983367
            ],
            [
              18.5456292,
              54.4982057
            ],
            [
              18.5455026,
              54.4980831
            ],
            [
              18.5453579,
              54.497973
            ],
            [
              18.5452358,
              54.497904
            ],
            [
              18.5450791,
              54.4978341
            ],
            [
              18.5449261,
              54.4977874
            ],
            [
              18.5446029,
              54.4977236
            ],
            [
              18.5443015,
              54.49768
            ],
            [
              18.5439825,
              54.497635
            ],
            [
              18.5439184,
              54.4976152
            ],
            [
              18.5438669,
              54.4975895
            ],
            [
              18.5431486,
              54.4971392
            ],
            [
              18.5428821,
              54.4972885
            ],
            [
              18.5427788,
              54.4973282
            ],
            [
              18.5426644,
              54.4973657
            ],
            [
              18.54254,
              54.4973901
            ],
            [
              18.5423818,
              54.4974143
            ],
            [
              18.5422764,
              54.4974219
            ],
            [
              18.5421285,
              54.4974221
            ],
            [
              18.5416886,
              54.4974005
            ],
            [
              18.5416763,
              54.4973999
            ],
            [
              18.5390975,
              54.4972455
            ],
            [
              18.5390917,
              54.4972543
            ],
            [
              18.5382647,
              54.497211
            ],
            [
              18.5380085,
              54.4971533
            ],
            [
              18.5378704,
              54.4971409
            ],
            [
              18.5378615,
              54.4971713
            ],
            [
              18.5361356,
              54.4970203
            ],
            [
              18.5361638,
              54.4969121
            ],
            [
              18.5361276,
              54.4969155
            ],
            [
              18.5358383,
              54.496864
            ],
            [
              18.5357358,
              54.4968568
            ],
            [
              18.5356646,
              54.4968436
            ],
            [
              18.5398346,
              54.4870864
            ],
            [
              18.539975,
              54.4870741
            ],
            [
              18.5401941,
              54.4870344
            ],
            [
              18.5404674,
              54.487051
            ],
            [
              18.5405383,
              54.4868998
            ],
            [
              18.5406935,
              54.4869157
            ],
            [
              18.5407561,
              54.4869283
            ],
            [
              18.5413627,
              54.4868818
            ],
            [
              18.541735,
              54.4868293
            ],
            [
              18.5418193,
              54.4866356
            ],
            [
              18.5421034,
              54.4866148
            ],
            [
              18.5421258,
              54.4866715
            ],
            [
              18.5421509,
              54.486665
            ],
            [
              18.542894,
              54.4864734
            ],
            [
              18.5434545,
              54.4862138
            ],
            [
              18.5435863,
              54.4863314
            ],
            [
              18.5436774,
              54.4862925
            ],
            [
              18.5442524,
              54.4860812
            ],
            [
              18.5447833,
              54.486116
            ],
            [
              18.5448996,
              54.4861083
            ],
            [
              18.5452121,
              54.4860413
            ],
            [
              18.5455751,
              54.4859138
            ],
            [
              18.5464621,
              54.4856177
            ],
            [
              18.5465656,
              54.4856844
            ],
            [
              18.5465147,
              54.485703
            ],
            [
              18.546647,
              54.4858098
            ],
            [
              18.5467764,
              54.4859535
            ],
            [
              18.5468745,
              54.4861066
            ],
            [
              18.5469375,
              54.4862572
            ],
            [
              18.5469607,
              54.4864055
            ],
            [
              18.5469682,
              54.486651
            ],
            [
              18.5469792,
              54.4868154
            ],
            [
              18.5470261,
              54.4869992
            ],
            [
              18.5470564,
              54.4870501
            ],
            [
              18.5471166,
              54.4871486
            ],
            [
              18.5472322,
              54.4872954
            ],
            [
              18.547393,
              54.4874356
            ],
            [
              18.5474909,
              54.4875112
            ],
            [
              18.5477678,
              54.4873253
            ],
            [
              18.5481428,
              54.4872606
            ],
            [
              18.5493416,
              54.4868162
            ],
            [
              18.5501381,
              54.4865227
            ],
            [
              18.5498582,
              54.4861698
            ],
            [
              18.5498269,
              54.4861324
            ],
            [
              18.5511158,
              54.4855623
            ],
            [
              18.5510605,
              54.4855178
            ],
            [
              18.5516658,
              54.4852523
            ],
            [
              18.5518262,
              54.4851713
            ],
            [
              18.5519817,
              54.4850843
            ],
            [
              18.5521725,
              54.4849674
            ],
            [
              18.5525894,
              54.4847173
            ],
            [
              18.5527036,
              54.4846447
            ],
            [
              18.5528669,
              54.4845597
            ],
            [
              18.5529841,
              54.4845115
            ],
            [
              18.5531304,
              54.4844615
            ],
            [
              18.5532535,
              54.484413
            ],
            [
              18.5533467,
              54.4843743
            ],
            [
              18.5534134,
              54.4843482
            ],
            [
              18.5536484,
              54.4843292
            ],
            [
              18.553827,
              54.4843148
            ],
            [
              18.5539847,
              54.4842746
            ],
            [
              18.5541056,
              54.4842334
            ],
            [
              18.5542209,
              54.4841863
            ],
            [
              18.5545392,
              54.4840532
            ],
            [
              18.5549162,
              54.4838936
            ],
            [
              18.5549654,
              54.4838728
            ],
            [
              18.5550016,
              54.4838575
            ],
            [
              18.5550801,
              54.4838575
            ],
            [
              18.555288,
              54.4838575
            ],
            [
              18.5553512,
              54.4838145
            ],
            [
              18.5553702,
              54.4837936
            ],
            [
              18.5554959,
              54.4836553
            ],
            [
              18.5555074,
              54.4834985
            ],
            [
              18.5555153,
              54.4833919
            ],
            [
              18.5556013,
              54.4832035
            ],
            [
              18.5558077,
              54.4830485
            ],
            [
              18.5562752,
              54.4827698
            ],
            [
              18.5563325,
              54.4827411
            ],
            [
              18.5566286,
              54.4825872
            ],
            [
              18.5567996,
              54.482496
            ],
            [
              18.5574035,
              54.4822259
            ],
            [
              18.5576445,
              54.4821802
            ],
            [
              18.5577345,
              54.4821549
            ],
            [
              18.5577629,
              54.4821469
            ],
            [
              18.5580516,
              54.4820694
            ],
            [
              18.5582703,
              54.4819725
            ],
            [
              18.5585487,
              54.4818742
            ],
            [
              18.5587524,
              54.4818086
            ],
            [
              18.5589993,
              54.48174
            ],
            [
              18.5593068,
              54.4816551
            ],
            [
              18.559686,
              54.4815755
            ],
            [
              18.5598812,
              54.4815345
            ],
            [
              18.560166,
              54.4814861
            ],
            [
              18.5599975,
              54.4814545
            ],
            [
              18.5601483,
              54.4814627
            ],
            [
              18.5608457,
              54.4813459
            ],
            [
              18.5608931,
              54.4812553
            ],
            [
              18.5609459,
              54.4812027
            ],
            [
              18.5609907,
              54.4812125
            ],
            [
              18.561434,
              54.4813215
            ],
            [
              18.5622852,
              54.481547
            ],
            [
              18.562839,
              54.4816913
            ],
            [
              18.5629598,
              54.4817265
            ],
            [
              18.5631881,
              54.4816852
            ],
            [
              18.5633346,
              54.4818449
            ],
            [
              18.5634536,
              54.4819751
            ],
            [
              18.56358,
              54.4821489
            ],
            [
              18.5638366,
              54.4824522
            ],
            [
              18.5639643,
              54.4826021
            ],
            [
              18.5644334,
              54.4828295
            ],
            [
              18.5644446,
              54.4828375
            ],
            [
              18.5646204,
              54.4827928
            ],
            [
              18.5647721,
              54.482757
            ],
            [
              18.5649378,
              54.4827096
            ],
            [
              18.5653317,
              54.482606
            ],
            [
              18.5653774,
              54.4825756
            ],
            [
              18.5656601,
              54.4824928
            ]
          ]
        ]
      },
      "id": "relation/2607282"
    },
    {
      "type": "Feature",
      "properties": {
        "@id": "relation/6880873",
        "admin_level": "10",
        "boundary": "administrative",
        "name": "Gdynia",
        "name:prefix": "inny",
        "teryt:simc": "0845772",
        "type": "boundary"
      },
      "geometry": {
        "type": "Polygon",
        "coordinates": [
          [
            [
              19.5406627,
              53.4287357
            ],
            [
              19.5410607,
              53.4287463
            ],
            [
              19.5413539,
              53.4287574
            ],
            [
              19.5415615,
              53.4287565
            ],
            [
              19.5417294,
              53.4287555
            ],
            [
              19.5417667,
              53.4287971
            ],
            [
              19.5421089,
              53.4291494
            ],
            [
              19.5421938,
              53.4292458
            ],
            [
              19.542214,
              53.4292707
            ],
            [
              19.5424433,
              53.4295528
            ],
            [
              19.5429022,
              53.4300415
            ],
            [
              19.5444678,
              53.4317008
            ],
            [
              19.5447825,
              53.4320427
            ],
            [
              19.54523,
              53.4325292
            ],
            [
              19.5455512,
              53.4328582
            ],
            [
              19.5461236,
              53.4334753
            ],
            [
              19.5462362,
              53.4336023
            ],
            [
              19.5463749,
              53.4337519
            ],
            [
              19.5465645,
              53.4339397
            ],
            [
              19.5467227,
              53.4340901
            ],
            [
              19.5468359,
              53.4342063
            ],
            [
              19.5469466,
              53.4343378
            ],
            [
              19.5470971,
              53.4345207
            ],
            [
              19.5471764,
              53.4346199
            ],
            [
              19.5472472,
              53.4346897
            ],
            [
              19.5473237,
              53.4347594
            ],
            [
              19.5473828,
              53.4348026
            ],
            [
              19.5474675,
              53.4348657
            ],
            [
              19.5475732,
              53.4349385
            ],
            [
              19.5475641,
              53.4349417
            ],
            [
              19.5451342,
              53.4352444
            ],
            [
              19.5444791,
              53.4353373
            ],
            [
              19.5431161,
              53.4355315
            ],
            [
              19.5428288,
              53.4355786
            ],
            [
              19.5421008,
              53.4357073
            ],
            [
              19.5418156,
              53.4357804
            ],
            [
              19.5413815,
              53.4358831
            ],
            [
              19.5387205,
              53.4355267
            ],
            [
              19.5370099,
              53.4353409
            ],
            [
              19.5360638,
              53.4352381
            ],
            [
              19.5356826,
              53.4351968
            ],
            [
              19.534309,
              53.4350476
            ],
            [
              19.5342173,
              53.4350376
            ],
            [
              19.5336843,
              53.4349798
            ],
            [
              19.5312753,
              53.4347365
            ],
            [
              19.5298213,
              53.4346262
            ],
            [
              19.5289781,
              53.4345964
            ],
            [
              19.5271182,
              53.434427
            ],
            [
              19.5251969,
              53.4342519
            ],
            [
              19.5235846,
              53.4341048
            ],
            [
              19.5231379,
              53.4339965
            ],
            [
              19.5228667,
              53.4339571
            ],
            [
              19.5229368,
              53.4339272
            ],
            [
              19.5230059,
              53.4337172
            ],
            [
              19.5231676,
              53.4333614
            ],
            [
              19.5232283,
              53.4330734
            ],
            [
              19.5232522,
              53.4330414
            ],
            [
              19.5233763,
              53.4327027
            ],
            [
              19.5235649,
              53.4323933
            ],
            [
              19.5234554,
              53.4322634
            ],
            [
              19.5234022,
              53.4322005
            ],
            [
              19.5232894,
              53.432001
            ],
            [
              19.523278,
              53.4319415
            ],
            [
              19.5233506,
              53.4319002
            ],
            [
              19.5234165,
              53.4318065
            ],
            [
              19.5234665,
              53.4317146
            ],
            [
              19.5235198,
              53.43164
            ],
            [
              19.5236086,
              53.4315862
            ],
            [
              19.5237327,
              53.431538
            ],
            [
              19.5238469,
              53.4314859
            ],
            [
              19.5239165,
              53.4314246
            ],
            [
              19.5240074,
              53.4312868
            ],
            [
              19.5240828,
              53.4311873
            ],
            [
              19.5245195,
              53.4311299
            ],
            [
              19.5285274,
              53.4307567
            ],
            [
              19.5319612,
              53.4304753
            ],
            [
              19.5316288,
              53.4294634
            ],
            [
              19.5315681,
              53.4292545
            ],
            [
              19.5317773,
              53.429224
            ],
            [
              19.5320279,
              53.4291802
            ],
            [
              19.5322341,
              53.429141
            ],
            [
              19.5324133,
              53.4290966
            ],
            [
              19.5329713,
              53.4289673
            ],
            [
              19.5333556,
              53.4289277
            ],
            [
              19.533482,
              53.4289238
            ],
            [
              19.5336087,
              53.4289446
            ],
            [
              19.5336696,
              53.4289709
            ],
            [
              19.5337733,
              53.4290398
            ],
            [
              19.5339349,
              53.4291472
            ],
            [
              19.5341402,
              53.4292861
            ],
            [
              19.5343416,
              53.4294225
            ],
            [
              19.5344599,
              53.4295025
            ],
            [
              19.534524,
              53.4295165
            ],
            [
              19.5345826,
              53.4295168
            ],
            [
              19.5346948,
              53.4295067
            ],
            [
              19.5349197,
              53.4294843
            ],
            [
              19.5351092,
              53.4294655
            ],
            [
              19.535194,
              53.4294579
            ],
            [
              19.5355077,
              53.4294299
            ],
            [
              19.5356233,
              53.4294196
            ],
            [
              19.535803,
              53.4294037
            ],
            [
              19.5361162,
              53.4293758
            ],
            [
              19.536423,
              53.429345
            ],
            [
              19.5366763,
              53.4293195
            ],
            [
              19.5367426,
              53.4293128
            ],
            [
              19.5369379,
              53.4292931
            ],
            [
              19.5370723,
              53.4292797
            ],
            [
              19.5371869,
              53.4292681
            ],
            [
              19.5373735,
              53.4292493
            ],
            [
              19.5375294,
              53.4292336
            ],
            [
              19.5376089,
              53.4292256
            ],
            [
              19.5377324,
              53.4292128
            ],
            [
              19.537876,
              53.429198
            ],
            [
              19.5380608,
              53.4291789
            ],
            [
              19.5382695,
              53.4291488
            ],
            [
              19.538425,
              53.4291264
            ],
            [
              19.5385597,
              53.4291059
            ],
            [
              19.5388462,
              53.4290623
            ],
            [
              19.5391923,
              53.4290095
            ],
            [
              19.539286,
              53.4289886
            ],
            [
              19.539494,
              53.4289421
            ],
            [
              19.5399986,
              53.4288294
            ],
            [
              19.5401414,
              53.4288092
            ],
            [
              19.5402969,
              53.4287873
            ],
            [
              19.5406627,
              53.4287357
            ]
          ]
        ]
      },
      "id": "relation/6880873"
    },
    {
      "type": "Feature",
      "properties": {
        "@id": "node/3009663093",
        "@relations": [
          {
            "role": "admin_centre",
            "rel": 6880873,
            "reltags": {
              "admin_level": "10",
              "boundary": "administrative",
              "name": "Gdynia",
              "name:prefix": "inny",
              "teryt:simc": "0845772",
              "type": "boundary"
            }
          }
        ]
      },
      "geometry": {
        "type": "Point",
        "coordinates": [
          19.5395945,
          53.429544
        ]
      },
      "id": "node/3009663093"
    }
  ]
}